title,description,link,image_url,board_name
"The Ultimate Aman Family Guide: 5 Resorts in Asia That Welcome Kids","Discover which Aman properties across Asia genuinely welcome families. From Amanpuri's dedicated kids programs to Aman Tokyo's private sushi masterclasses for children, we've visited every Aman in Asia to bring you the honest family verdict. Includes accommodation configurations that work for families, what kids clubs actually offer, and dining flexibility. Learn why ultra-wealthy families choose Aman for multigenerational travel in Asia.",https://familytravelasia.com/blog/aman-resorts-family-asia,,Asia Family Travel Tips
"5 Aman Resorts in Asia Where Your Kids Are Welcome (Yes Really)","Think Aman resorts are adults-only? Not anymore. We reveal the 5 most family-friendly Aman properties across Asia — from Phuket to Tokyo. Each property reviewed for kids club quality, family villa configurations, dining that works for children, and safety features. Includes insider booking tips to get the best family rates at these ultra-luxury properties.",https://familytravelasia.com/blog/aman-resorts-family-asia,,Luxury Family Resorts
"Family Luxury at Aman: A Parent's Honest Review of 5 Asian Properties","Is Aman worth the splurge for family travel? We visited every Aman property in Asia to find out. Our honest review covers kids club programming (including the famous Soneva Den alternative at Amanpuri), family-friendly villa layouts, cuisine that works for picky eaters, and multigenerational travel options. Includes a decision matrix comparing Aman properties for different family needs and budgets.",https://familytravelasia.com/blog/aman-resorts-family-asia,,Luxury Family Resorts
"Bangkok to Ayutthaya Family Weekend: Private Temple Tours & Luxury Riverside Stays","Escape Bangkok's chaos for a luxury family weekend in Ayutthaya. Ancient temple ruins with a private historian who keeps kids engaged, sunset river cruises with kid-friendly dining, and the stunning Sala Ayutthaya hotel where architecture fascinates all ages. Full itinerary with age-specific activity recommendations, restaurant picks that even picky eaters will love, and timing tips to avoid crowds and heat.",https://familytravelasia.com/blog/bangkok-ayutthaya-luxury-microtrip,,SE Asia Family Vacations
"Ayutthaya With Kids: How to Do Ancient Temples Without the Meltdowns","Ancient ruins and children — it can work. We tested Ayutthaya with four kids aged 3-12 and discovered exactly which temples hold their attention, which ones to skip, and how long to spend at each. Includes our private historian's kid-friendly storytelling approach, riverside dining spots with play areas, and the perfect 2-day luxury itinerary that balances culture with pool time.",https://familytravelasia.com/blog/bangkok-ayutthaya-luxury-microtrip,,Asia Family Travel Tips
"Thailand Family Luxury: Weekend Guide to Bangkok & Ayutthaya's Best","Thailand's ancient capital meets luxury family travel. Our detailed guide covers everything from booking the Sala Ayutthaya's riverside suites to private long-tail boat tours kids love. Includes kid-tested restaurants in both Bangkok and Ayutthaya, the best time to visit with young children, transport tips (private driver vs train), and a complete 3-day luxury itinerary that won't leave anyone exhausted.",https://familytravelasia.com/blog/bangkok-ayutthaya-luxury-microtrip,,SE Asia Family Vacations
"Best Family Hotels in Tokyo 2026: Reviewed by Parents Who Actually Stayed","Finding the right Tokyo hotel with kids can make or break your trip. We road-tested 5 top family hotels across Tokyo — from Disney-area resorts to central luxury properties. Our review covers room sizes (Tokyo rooms are famously tiny), family-friendly amenities, proximity to kid attractions, breakfast quality, and the all-important question: which hotels have connecting rooms or family suites that actually work.",https://familytravelasia.com/blog/best-family-hotels-tokyo-2026,,Tokyo & Japan With Kids
"Tokyo Family Hotels: 5 Reviewed for Room Size Location and Kid-Friendly Amenities","Tokyo's hotel scene is overwhelming for families. We stayed at five of the best family hotels and rated them on room space, stroller accessibility, kid meal options, pool access, and proximity to top attractions like Disneyland, Asakusa, and Ueno Zoo. Includes honest photos of actual room sizes, money-saving booking tips, and our top pick for families with toddlers vs families with tweens.",https://familytravelasia.com/blog/best-family-hotels-tokyo-2026,,Tokyo & Japan With Kids
"Where to Stay in Tokyo With Kids: Parent-Tested Hotel Guide 2026","Don't book a Tokyo hotel without reading this first. We tested five family-friendly Tokyo hotels and discovered that room configuration matters more than price or location. Our detailed review covers which hotels offer actual family suites (not just connecting rooms), which have English-speaking kids clubs, and which are within walking distance of Tokyo's best family attractions. Plus our secret to getting upgraded when traveling with children.",https://familytravelasia.com/blog/best-family-hotels-tokyo-2026,,Asia Family Travel Tips
"Best Family Travel Directories in Asia 2026: Honest Comparison for Parents","Planning a family trip to Asia? We compared 7 family travel directories head-to-head. Find out which one actually saves you time, which has the best parent reviews, and which destinations each covers best. Our honest verdict on specialized directories vs general travel sites — including the hidden costs and whether curated recommendations are worth paying for.",https://familytravelasia.com/blog/best-family-travel-directories-asia,,Asia Family Travel Tips
"7 Family Travel Directories Compared: Which Actually Helps Parents Plan Asia Trips","Stop Googling 'family vacation Asia' and getting 47 million useless results. We compared 7 specialized family travel directories on accuracy, depth, parent reviews, destination coverage, and value. Discover which directory excels for Southeast Asia, which covers Japan best, and the surprising one that outperforms all others for luxury family travel in Asia.",https://familytravelasia.com/blog/best-family-travel-directories-asia,,Family Travel Hacks
"TripAdvisor vs Family Directories: What's Better for Planning Asia With Kids","TripAdvisor has 859 million reviews but most are useless for parents asking specific questions. We compare general travel platforms against specialized family travel directories for planning an Asia family vacation. Which platform has the best kid-friendly hotel filters? Which has honest parent-written reviews? And which one are we using for our own family trips?",https://familytravelasia.com/blog/best-family-travel-directories-asia,,Family Travel Hacks
"Best First-Class Lounges in Asia for Families: Beyond the Business-Class Experience","Asia is home to the world's best airport lounges. These are the ones that go beyond business-class comfort to deliver genuine family-friendly experiences — private nap rooms, kids play areas, family shower suites, and dining that caters to young palates. From Singapore Changi to Tokyo Haneda, we review the lounges that make layovers with kids not just bearable but actually enjoyable.",https://familytravelasia.com/blog/best-first-class-lounges-asia-families,,Fine Dining & Travel Experiences With Kids
"First-Class Travel With Kids: Asia's Best Airport Lounges Ranked","Flying first class with kids changes everything — including which airport lounges you should prioritize. We ranked Asia's top first-class lounges on factors that matter to families: private family suites, kids menus, play areas, nap rooms with real beds, and lounge-to-gate transport. Our top picks for Singapore Changi, Hong Kong, Tokyo Narita, Bangkok Suvarnabhumi, and Kuala Lumpur International.",https://familytravelasia.com/blog/best-first-class-lounges-asia-families,,Fine Dining & Travel Experiences With Kids
"Airport Lounges That Welcome Kids: Asia's Family-Friendly First-Class Spaces","Not all airport lounges are created equal for families. We visited Asia's best first-class lounges to find which ones genuinely welcome children. The ones that made our list offer more than just comfortable chairs — think dedicated kids zones, family restrooms with changing tables, children's menus curated by lounge chefs, and staff who actually smile when they see kids walk in.",https://familytravelasia.com/blog/best-first-class-lounges-asia-families,,Fine Dining & Travel Experiences With Kids
"Best Time to Visit Every Luxury Family Destination in Asia: Month-by-Month Guide","Timing is everything when planning a luxury family holiday. Our month-by-month guide covers when to visit Bali, Maldives, Singapore, Tokyo, Thailand, Vietnam, and beyond. We break down weather patterns, school holiday crowds, seasonal pricing windows, and hidden shoulder seasons where you get luxury rates at 40% off. Includes our secret timing tips for Aman and Four Seasons properties.",https://familytravelasia.com/blog/best-time-visit-each-luxury-destination-asia,,Asia Family Travel Tips
"When to Book Luxury Family Travel in Asia: The Ultimate Seasonal Guide","Save thousands on your next Asia family vacation by booking at the right time. Our destination-by-destination guide reveals exactly when to visit Bali, Maldives, Thailand, Singapore, Japan, and Vietnam for the best combination of perfect weather and lowest luxury rates. Avoid monsoon seasons, navigate school holidays strategically, and discover shoulder-season windows that travel agents don't tell you about.",https://familytravelasia.com/blog/best-time-visit-each-luxury-destination-asia,,Family Travel Hacks
"Asia Family Travel Calendar: Best Months for Every Destination","Stop guessing when to book your Asia family trip. Our complete calendar covers the best months for every major family destination in Asia — from Bali to Tokyo, Maldives to Thailand. Each entry includes weather conditions, crowd levels, special events that kids love, and the exact weeks when luxury hotel rates drop. Print this guide and plan your entire year of family travel around it.",https://familytravelasia.com/blog/best-time-visit-each-luxury-destination-asia,,Asia Family Travel Tips
"Butler Service for Families: What It Really Means at 5-Star Asian Resorts","Private butler service has become the defining perk for family travelers. Here's what the best hotels in Asia actually deliver — from unpacking your luggage to arranging surprise kids activities. We break down which resort chains offer genuine family-oriented butler service (Aman, Four Seasons, Ritz-Carlton) and what you should expect when traveling with children.",https://familytravelasia.com/blog/butler-service-family-resorts,,Luxury Family Resorts
"What Family Butler Service Actually Looks Like at Asia's Best Resorts","Imagine arriving at a luxury resort with exhausted kids and a butler who already has their milk warmed and their favorite cartoon playing. We tested butler service at five top Asian resorts to see which ones truly deliver for families. From organizing impromptu babysitting to stocking your villa with kid-friendly snacks, here's what real family butler service looks like — and which resorts do it best.",https://familytravelasia.com/blog/butler-service-family-resorts,,Asia Family Travel Tips
"5-Star Butler Service: The Ultimate Family Travel Upgrade","Travelling with kids is exhausting — unless you have a butler. We review the butler service at Asia's top luxury resorts from a family perspective. Which resorts offer dedicated family butlers? Which ones have 24/7 service for late-night baby needs? And which ones go above and beyond with kid-specific surprises? Our honest review of the service that makes luxury family travel actually feel luxurious.",https://familytravelasia.com/blog/butler-service-family-resorts,,Luxury Family Resorts
"First Class Flying With Kids: Is the Upgrade Actually Worth It?","From private suites to gourmet dining at 35,000 feet, we break down what first-class flying really means for families. Here's when the upgrade is worth every penny — and when it's a waste of money. We review first-class products on Singapore Airlines, Cathay Pacific, ANA, JAL, and Emirates with honest family-focused criteria: bed space for co-sleeping, kids meals, entertainment options, and lounge access.",https://familytravelasia.com/blog/flying-first-class-with-kids,,Fine Dining & Travel Experiences With Kids
"First Class vs Business Class With Kids: The Honest Family Verdict","Should you splurge on first-class for your next Asia trip with kids? We've flown both with children aged 2-12 and the answer might surprise you. This honest comparison covers seat configurations that work for families, meal service timing that respects kids sleep schedules, priority boarding and baggage handling, and the real difference in lounge quality. Plus our formula for when first class is worth 3x the price.",https://familytravelasia.com/blog/flying-first-class-with-kids,,Family Travel Hacks
"Flying First Class to Asia With Kids: What We Learned the Hard Way","We've flown first class across the Pacific with kids — and learned some expensive lessons. This guide covers which airlines truly understand family travel (hint: Singapore Airlines and ANA lead), which seat configurations let you actually sleep next to your toddler, and the surprising truth about first-class lounge access with children. Plus our packing list for the perfect first-class flight experience with young kids.",https://familytravelasia.com/blog/flying-first-class-with-kids,,Fine Dining & Travel Experiences With Kids
"How to Choose the Perfect Luxury Family Resort in Asia: A Parent's 5-Factor Framework","With hundreds of luxury properties claiming to be family-friendly, how do you separate genuine excellence from marketing hype? Our five-factor framework evaluates accommodation configuration, kids programme quality, dining flexibility, safety and security, and multigenerational appeal. Includes a decision matrix comparing top properties — Soneva Fushi, Amanpuri, Four Seasons Sayan, and more.",https://familytravelasia.com/blog/how-to-choose-perfect-luxury-family-resort,,Luxury Family Resorts
"5 Factors Every Parent Must Evaluate Before Booking a Luxury Resort in Asia","Don't book a luxury family resort without this checklist. We've developed a five-factor framework based on 50+ property visits across Asia. Accommodation configuration (is that 'family suite' actually big enough?), kids club quality (trained educators or babysitters?), dining flexibility (children's menus by real chefs), and more. Plus red flags that scream 'not actually family-friendly.'",https://familytravelasia.com/blog/how-to-choose-perfect-luxury-family-resort,,Asia Family Travel Tips
"The Ultimate Resort Selection Guide for Luxury Family Travel in Asia","Finding the perfect family resort in Asia is harder than it looks. We've developed a scoring system that rates properties on what actually matters to parents: room layout and space for families, kids club quality and hours, children's dining options, safety features, and multigenerational appeal. Our top-scoring properties revealed with full breakdowns. Stop guessing — use our framework.",https://familytravelasia.com/blog/how-to-choose-perfect-luxury-family-resort,,Luxury Family Resorts
"KL to Penang Luxury Weekend: Best Hotels Dining and Experiences for Families","Penang isn't just about street food and budget travel — discover the island's luxury side with private heritage tours, fine dining, and five-star family resorts. Our weekend itinerary covers the best family-friendly hotels in KL and Penang, kid-approved street food spots, interactive heritage walks, and beach time. Plus transport tips for traveling between cities with children.",https://familytravelasia.com/blog/kuala-lumpur-penang-luxury-microtrip,,SE Asia Family Vacations
"Malaysia Family Luxury: Weekend Guide to Kuala Lumpur and Penang","Two cities, one perfect family weekend. Start in KL with the Petronas Towers and Batu Caves, then escape to Penang for street art, heritage walks, and some of Asia's best family food. Our guide covers luxury hotels with genuine family suites, private drivers who work magic with kids, and our secret strategy for avoiding crowds at Penang's most popular attractions.",https://familytravelasia.com/blog/kuala-lumpur-penang-luxury-microtrip,,SE Asia Family Vacations
"Penang With Kids: The Ultimate Luxury Family Weekend Guide","Penang might be Southeast Asia's best family food destination — and it's also home to stunning luxury resorts. Our complete guide covers the best family-friendly hotels, heritage tours that engage children (street art scavenger hunts!), kid-friendly hawker food recommendations, and the perfect balance of culture and beach time. A 3-day luxury itinerary for families who want more than just a resort.",https://familytravelasia.com/blog/kuala-lumpur-penang-luxury-microtrip,,Asia Family Travel Tips
"Helicopter Transfers Private Jets and Yacht Charters: Family Luxury Transport in Asia","From helicopter island transfers to private yacht charters, luxury transport transforms family travel in Asia. We review the best options for families — what's worth the splurge, what's surprisingly affordable, and what makes logistics with kids genuinely stress-free. Covers Maldives seaplane transfers, Bali helicopter bookings, Hong Kong yacht charters, and private car services that include child seats.",https://familytravelasia.com/blog/luxury-family-transport-asia,,Luxury Family Resorts
"Private Jets and Yacht Charters: The Ultimate Family Travel Upgrade in Asia","Skip the airport chaos with private transport that actually works with kids. From private jet charters in Southeast Asia to luxury yacht transfers in the Maldives and helicopter island hops in Bali, we cover the transport options that transform family travel. Includes pricing, booking tips, and honest advice on which upgrades are worth the cost for families with children.",https://familytravelasia.com/blog/luxury-family-transport-asia,,Fine Dining & Travel Experiences With Kids
"Luxury Airport Transfers Families Need: Helicopters Yachts and Private Cars in Asia","The journey matters as much as the destination when you're traveling with kids. We review Asia's best luxury transport options for families: private helicopters for Maldives island transfers (no seasick toddlers!), chartered yachts for Hong Kong harbour tours, and private cars with pre-installed car seats. Plus the secret perk that makes luxury transport worth every penny for tired parents.",https://familytravelasia.com/blog/luxury-family-transport-asia,,Fine Dining & Travel Experiences With Kids
"Luxury Family Travel on a Smart Budget: When to Book Asia's Best Resorts for the Best Rates","Luxury doesn't have to mean overpaying. With the right timing and strategy, you can experience Asia's finest family resorts at a fraction of the peak rate. We reveal when to book Aman, Four Seasons, Ritz-Carlton, Soneva, and other luxury brands for the best family rates — including shoulder season windows, advance purchase discounts, and loyalty program hacks that can save families 30-50%.",https://familytravelasia.com/blog/luxury-family-travel-budget-when-to-book-best-rates,,Family Travel Hacks
"How to Afford Luxury Family Travel in Asia: Smart Budget Tips That Actually Work","Think luxury family travel in Asia is out of reach? Think again. We reveal insider booking strategies that can save families thousands on five-star resorts. When to book for the best rates, which room categories offer best value for families, loyalty programs that matter, and the shoulder-season sweet spots for every major destination from Bali to Maldives. Plus our secret to getting free breakfast and airport transfers.",https://familytravelasia.com/blog/luxury-family-travel-budget-when-to-book-best-rates,,Family Travel Hacks
"Save 40% on Luxury Family Resorts in Asia: Timing and Booking Secrets Revealed","Stop paying full price for luxury family resorts in Asia. We analyzed rate patterns across 50+ luxury properties to find the exact weeks when prices drop 30-50%. Our month-by-month booking calendar covers Aman, Four Seasons, Soneva, Ritz-Carlton, and more. Plus advance booking windows, flash sale alerts, and our tested strategy for combining multiple discounts into one booking.",https://familytravelasia.com/blog/luxury-family-travel-budget-when-to-book-best-rates,,Asia Family Travel Tips
"Michelin-Star Dining With Kids: Asia's Best High-End Family Restaurants","Think Michelin-starred restaurants don't welcome children? Think again. From Tokyo to Bangkok, these are Asia's best high-end restaurants where kids are genuinely welcome. We review family-friendly fine dining at Michelin-starred venues — including tasting menus adapted for young palates, early seating options, and chefs who love seeing children discover real food. A guide for parents who refuse to give up great dining.",https://familytravelasia.com/blog/michelin-dining-with-kids-asia,,Fine Dining & Travel Experiences With Kids
"Fine Dining With Kids in Asia: The Ultimate Guide to Family-Friendly Michelin Stars","Don't let kids stop you from experiencing Asia's best restaurants. We've eaten at Michelin-starred restaurants across Tokyo, Bangkok, Singapore, and Hong Kong with children in tow. This guide covers which restaurants have kids menus by actual Michelin chefs, which offer private dining rooms for families, and which tasting menus can be adapted for young palates. Plus tips on timing and booking.",https://familytravelasia.com/blog/michelin-dining-with-kids-asia,,Fine Dining & Travel Experiences With Kids
"Tokyo Bangkok Singapore: Where to Eat Michelin-Star Food With Your Kids","Yes you can enjoy world-class food with children in Asia. Our guide to family-friendly Michelin-starred dining covers the best restaurants in Tokyo, Bangkok, and Singapore that genuinely welcome kids. From ramen shops with Michelin Bib Gourmand status to fine-dining restaurants with dedicated kids tasting menus, we've tested every recommendation with our own children. Your ticket to great food and happy kids.",https://familytravelasia.com/blog/michelin-dining-with-kids-asia,,Tokyo & Japan With Kids
"Private Villa vs 5-Star Resort: Which Is Better for Luxury Family Travel in Asia?","The ultimate luxury family travel debate: total privacy of a private villa versus world-class amenities of a five-star resort. We break down the pros and cons with real examples from Bali, Thailand, and Maldives. Which option offers better value for families with toddlers? Which works best for teens? Our honest verdict includes real cost comparisons and the surprising winner for parent relaxation.",https://familytravelasia.com/blog/private-villa-vs-resort-family,,Asia Family Travel Tips
"Villa vs Resort With Kids: The Family Travel Decision That Actually Matters","Private villa with pool and total privacy, or 5-star resort with kids club and restaurants? We've done both extensively across Asia and this honest comparison covers everything families need to know. From safety considerations (pool covers, secure perimeters) to logistics (who cooks breakfast?), from entertainment options (private pool vs kids club) to the real bottom-line cost comparison for a 7-night stay.",https://familytravelasia.com/blog/private-villa-vs-resort-family,,Luxury Family Resorts
"Bali Villa vs Resort: Which Accommodation Works Best for Families","Bali is the perfect battleground for the villa vs resort debate. We compare both options using real Bali properties — from Seminyak private villas to Nusa Dua luxury resorts. Which configuration works best for families with babies? Which gives parents the most actual relaxation time? Our comprehensive comparison includes real pricing, amenity breakdowns, and the verdict from families who've tried both.",https://familytravelasia.com/blog/private-villa-vs-resort-family,,Bali With Kids
"The Ritz-Carlton Family Experience: Why Families Keep Coming Back","The Ritz-Carlton has quietly built a world-class family program. We visited seven properties across Asia to discover what makes families return year after year. From the Ritz Kids program (nature-inspired activities) to family-friendly suite configurations, butler service that anticipates children's needs, and dining that goes far beyond chicken nuggets. Our full review of the Ritz-Carlton family experience.",https://familytravelasia.com/blog/ritz-carlton-family-experience,,Luxury Family Resorts
"7 Ritz-Carlton Properties in Asia: Ranked for Family-Friendly Excellence","We stayed at seven Ritz-Carlton properties across Asia to find out which ones truly deliver for families. From the urban luxury of Ritz-Carlton Tokyo to the beachfront paradise of Ritz-Carlton Bali, our rankings cover kids program quality, family room configurations, dining flexibility, and the all-important staff attitude toward children. Plus our surprising top pick.",https://familytravelasia.com/blog/ritz-carlton-family-experience,,Luxury Family Resorts
"Why the Ritz-Carlton is Asia's Most Family-Friendly Luxury Hotel Chain","The Ritz-Carlton's family program is one of the best-kept secrets in luxury travel. We visited seven Asian properties to evaluate their Ritz Kids program, family suite offerings, and butler service. Our comprehensive review covers which properties excel for different age groups, how their kids club compares to Four Seasons and Aman, and why families keep returning. Includes booking tips for family upgrades.",https://familytravelasia.com/blog/ritz-carlton-family-experience,,Asia Family Travel Tips
"Singapore With Kids: The Complete 2026 Family Travel Guide","Singapore is the single best destination in Asia for first-time family travelers. This comprehensive guide covers everything parents need to know — attractions by age group (babies to tweens), best hawker centres for family dining, stroller-friendly MRT navigation, safety tips for heat and sun, and a perfect 5-day family itinerary. Plus our insider tips for Universal Studios with young kids and Gardens by the Bay light shows.",https://familytravelasia.com/blog/singapore-with-kids-complete-guide-2026,,SE Asia Family Vacations
"Singapore Family Travel Guide 2026: Everything Parents Need to Know","Picture a city where every train station has elevators, tap water is safe to drink, and finding a restroom with a changing table is never more than minutes away — that's Singapore. Our complete family travel guide covers the top attractions organized by age, where to eat with kids (hawker centres are the MVP!), getting around with strollers, and a perfectly paced 5-day itinerary that balances fun with rest.",https://familytravelasia.com/blog/singapore-with-kids-complete-guide-2026,,Asia Family Travel Tips
"Is Singapore the Best Family Destination in Asia? Our Honest Guide Says Yes","Singapore consistently ranks as the #1 recommended first international trip for families with young children — and for good reason. From Gardens by the Bay's free light shows to the world-class zoo and hawker dining at S$4 per plate, this city-state is family travel on easy mode. Our complete guide includes 20+ attractions reviewed by age, budget tips, safety advice, and the best time to visit.",https://familytravelasia.com/blog/singapore-with-kids-complete-guide-2026,,SE Asia Family Vacations
"Tokyo to Hakone Luxury Weekend: Gora Kadan Ryokan Private Onsen and Fuji Views","Hakone is Japan's onsen capital, and the luxury experience — private open-air baths, kaiseki dinner in a kimono, and Mt. Fuji views from your room — is perfect for families who want authentic Japanese culture without the crowds of Kyoto. Our complete guide covers the Gora Kadan ryokan experience, onsen etiquette with kids, family-friendly kaiseki options, and the best ways to see Mt. Fuji with children.",https://familytravelasia.com/blog/tokyo-hakone-luxury-microtrip,,Tokyo & Japan With Kids
"Hakone Family Onsen Guide: Private Baths Ryokan Stays and Fuji Views With Kids","Yes you can enjoy a traditional Japanese onsen experience with children. Hakone's luxury ryokans offer private onsen baths that families can book, kaiseki dinners that cater to young palates, and rooms with Mt. Fuji views that will leave everyone speechless. Our guide to the Gora Kadan experience includes tips for onsen etiquette with kids, what to pack, and the perfect 2-day family itinerary.",https://familytravelasia.com/blog/tokyo-hakone-luxury-microtrip,,Tokyo & Japan With Kids
"Japan Family Weekend: Tokyo to Hakone Luxury Ryokan Experience","Escape Tokyo's intensity for a luxury onsen weekend in Hakone. Our guide covers the iconic Gora Kadan Ryokan — private open-air baths, multi-course kaiseki dinner, and views of Mt. Fuji that your kids will remember forever. Includes practical tips: how to get there from Tokyo with kids, what age is best for the ryokan experience, family-friendly dining options, and how to book the best room configuration.",https://familytravelasia.com/blog/tokyo-hakone-luxury-microtrip,,Asia Family Travel Tips
"10 Best Luxury Family Resorts with Exceptional Kids Clubs in Asia","Not all kids clubs are created equal. We've evaluated kids programs across Asia's top luxury resorts — from marine biology labs in the Maldives to cooking classes in Bali. Our guide covers the 10 resorts with truly exceptional children's programming, including staff qualifications, activity variety, age range coverage, operating hours, and whether they offer evening babysitting. Your kids will beg to go back.",https://familytravelasia.com/blog/top-10-kids-clubs-luxury-resorts-asia,,Luxury Family Resorts
"Asia's Best Kids Clubs: 10 Luxury Resorts Where Children Actually Want to Go","A great kids club transforms a family vacation from exhausting to rejuvenating. We evaluated kids programs at 50+ luxury resorts across Asia to find the 10 that genuinely excel. From marine biology programs in the Maldives to Balinese dance lessons in Ubud, from sushi-making classes in Tokyo to batik workshops in Java, these kids clubs offer experiences your children will treasure forever.",https://familytravelasia.com/blog/top-10-kids-clubs-luxury-resorts-asia,,Asia Family Travel Tips
"Kids Clubs That Are Worth the Resort Price: Asia's Top 10 Luxury Programs","The difference between a mediocre family vacation and an amazing one often comes down to the kids club. We tested kids programs across Asia's best luxury resorts and ranked them on staff quality, age-appropriate activities, operating hours, safety standards, and that intangible factor — do kids actually want to go back? Our top 10 includes properties in Maldives, Bali, Thailand, and Japan.",https://familytravelasia.com/blog/top-10-kids-clubs-luxury-resorts-asia,,Luxury Family Resorts
"Top 10 Family-Friendly Luxury Resorts in the Maldives","The Maldives has quietly become one of Asia's best family destinations. Our top 10 list covers the resorts that combine world-class luxury with genuine warmth for children. From Soneva Fushi's extraordinary kids club to the marine biology program at Four Seasons Landaa Giraavaru, from Joali Being's wellness-focused kids yoga to Velaa's Family Concierge service. Full reviews with pricing.",https://familytravelasia.com/blog/top-10-luxury-resorts-maldives-family,,Maldives Family Paradise
"Maldives Family Resorts: 10 Luxury Properties Where Kids Are Truly Welcome","Forget the honeymoon image — the Maldives is now one of Asia's premier family destinations. We visited and reviewed the 10 best luxury family resorts, from overwater villas with kids amenities to beachfront properties with world-class kids clubs. Includes honest reviews of Soneva Fushi, Four Seasons Landaa Giraavaru, Joali Being, One&Only Reethi Rah, and more. Budget guide included.",https://familytravelasia.com/blog/top-10-luxury-resorts-maldives-family,,Maldives Family Paradise
"Best Time to Visit Maldives With Kids: Plus 10 Family-Friendly Resorts","The Maldives with kids — is it worth it? Absolutely, with the right resort and timing. Our guide covers the best family-friendly luxury resorts (from Soneva Fushi to Four Seasons), the optimal months for families (avoiding monsoon and peak pricing), and what to expect when traveling to the Maldives with children. Includes kids club reviews, family villa recommendations, and real pricing examples.",https://familytravelasia.com/blog/top-10-luxury-resorts-maldives-family,,Maldives Family Paradise
"TripAdvisor vs Family Travel Directory: Honest Comparison for Parents","TripAdvisor has 859 million reviews. But are they useful for parents? We compare TripAdvisor against specialized family travel directories across key criteria: review quality for kid-friendly questions, filter accuracy for family needs, trustworthiness of recommendations, and time saved planning a 7-day family trip. The results might surprise you — and save you hours of planning time.",https://familytravelasia.com/blog/tripadvisor-vs-family-travel-directory,,Family Travel Hacks
"Stop Using TripAdvisor for Family Travel: A Better Way to Plan Asia Trips","TripAdvisor is great for finding restaurants, but terrible for planning family vacations. We explain why specialized family travel directories outperform general review platforms for parents — better filters for kid-friendly amenities, more relevant reviews from actual parents, and curated recommendations that save hours of research. Includes a head-to-head comparison of planning a real Bali family trip on both platforms.",https://familytravelasia.com/blog/tripadvisor-vs-family-travel-directory,,Asia Family Travel Tips
"Why Specialized Family Travel Directories Beat TripAdvisor Every Time","We planned the same 7-day Bali family trip using both TripAdvisor and a specialized family travel directory. The results? The directory saved us 6 hours of research and delivered better hotel and activity recommendations. This honest comparison covers review quality, filter accuracy, time savings, and the hidden costs of relying on general travel platforms for family-specific travel planning.",https://familytravelasia.com/blog/tripadvisor-vs-family-travel-directory,,Family Travel Hacks
"The Ultimate Guide to Family-Friendly Aman Resorts in Asia","Aman is synonymous with quiet luxury, but is it suitable for families? We've visited every Aman property in Asia to bring you the definitive family guide. From Amanpuri's family villas to Aman Tokyo's urban luxury, from Amankila's Bali rice terrace views to Amanoi's Vietnam coast escape — each property reviewed for genuine family-friendliness, kids club quality, and multigenerational appeal.",https://familytravelasia.com/blog/ultimate-guide-family-aman-resorts,,Luxury Family Resorts
"Is Aman Family-Friendly? Our Guide to Every Aman Resort in Asia Answers the Question","The question every luxury-loving parent asks: is Aman actually good for kids? We visited every Aman property in Asia to find out. Our comprehensive guide covers which Amans genuinely welcome children, which have the best kids programs, which offer family suite configurations, and which are better left for couples. Includes our top 3 Aman picks for families with young children vs families with teens.",https://familytravelasia.com/blog/ultimate-guide-family-aman-resorts,,Luxury Family Resorts
"Aman Resorts Asia: The Complete Family Travel Guide for Parents","Aman resorts represent the pinnacle of understated luxury — but do they work for families? After visiting every Aman property in Asia, we reveal which ones accommodate children well and which don't. Our guide covers family villa layouts, kids activities, dining flexibility, and the cultural immersion programs that make Aman unique. For parents who refuse to compromise on design and service.",https://familytravelasia.com/blog/ultimate-guide-family-aman-resorts,,Asia Family Travel Tips
"Why Smart Parents Use Specialized Travel Directories Not Just Google","Google gives you 47 million results for 'family vacation Asia.' Most are useless. Here's why curated directories are the smarter choice for busy parents. Save hours of research time, get recommendations tested by other families, find hotel filters that actually work for kids (pool? kids club? connecting rooms?), and discover hidden gems that general travel sites miss. The case for specialized travel planning tools.",https://familytravelasia.com/blog/why-smart-parents-use-specialized-travel-directories,,Asia Family Travel Tips
"Stop Googling 'Family Vacation Asia' — Here's What Actually Works","If you've Googled 'family vacation Asia' and felt overwhelmed by 47 million results, you're not alone. Curated family travel directories solve this problem with expert-vetted recommendations, parent-written reviews, and smart filters for kids club, connecting rooms, and baby equipment. We explain exactly why curated directories save parents hours of research and deliver better family vacations.",https://familytravelasia.com/blog/why-smart-parents-use-specialized-travel-directories,,Family Travel Hacks
"The Smart Parent's Guide to Planning Asia Family Vacations","Stop wasting hours researching 'family-friendly' resorts that turn out to be anything but. Specialized travel directories offer curated recommendations that save parents time eliminate guesswork. We compare the curated approach with Google searches on speed, accuracy, and quality of recommendations. Plus why 9 out of 10 parents who try curated directories never go back to general search.",https://familytravelasia.com/blog/why-smart-parents-use-specialized-travel-directories,,Asia Family Travel Tips
"Why Ultra-Wealthy Families Choose Asia for Their Next Vacation","Asia has overtaken Europe as the preferred destination for ultra-wealthy family travel. Discover what's driving the shift — from unmatched service culture to world-class luxury infrastructure, privacy and exclusivity, and experiences that blend culture with comfort. Our analysis covers the destinations, resorts, and experiences that discerning families are choosing over traditional European luxury travel.",https://familytravelasia.com/blog/why-wealthy-families-choose-asia,,Luxury Family Resorts
"Asia vs Europe: Why Wealthy Families Are Choosing the East for Luxury Travel","The luxury family travel landscape has shifted dramatically. More ultra-wealthy families now choose Asia over Europe for their vacations. We analyze the trends driving this shift — better service ratios, newer luxury infrastructure, more privacy, and experiences that feel genuinely exclusive. Plus our recommendations for the destinations and resorts leading this transformation.",https://familytravelasia.com/blog/why-wealthy-families-choose-asia,,Luxury Family Resorts
"Ultra-Wealthy Family Travel: Why Asia is the New Preferred Luxury Destination","Asia has officially overtaken Europe as the top destination for ultra-wealthy family travel. From the private-villa culture of Bali to the white-glove service of Tokyo's top hotels, Asia offers a level of luxury that Europe struggles to match. Our analysis covers the key destinations driving this trend, the resorts leading the shift, and what discerning families are choosing over traditional European luxury vacations.",https://familytravelasia.com/blog/why-wealthy-families-choose-asia,,Asia Family Travel Tips