timestamp,open,high,low,close,volume
2026-04-19T07:15:00+00:00,85.07,85.08,84.43,84.59,108387.237
2026-04-19T07:30:00+00:00,84.59,84.9,84.43,84.79,49750.917
2026-04-19T07:45:00+00:00,84.79,84.96,84.72,84.88,20159.07
2026-04-19T08:00:00+00:00,84.88,85.03,84.77,85.01,37279.913
2026-04-19T08:15:00+00:00,85.01,85.14,84.84,84.84,26021.386
2026-04-19T08:30:00+00:00,84.84,84.96,84.74,84.8,26292.995
2026-04-19T08:45:00+00:00,84.81,84.88,84.62,84.8,30051.558
2026-04-19T09:00:00+00:00,84.8,84.92,84.75,84.8,16110.04
2026-04-19T09:15:00+00:00,84.8,84.86,84.59,84.86,23876.049
2026-04-19T09:30:00+00:00,84.86,85.08,84.71,84.75,44335.627
2026-04-19T09:45:00+00:00,84.75,84.81,84.57,84.59,47733.863
2026-04-19T10:00:00+00:00,84.59,84.7,84.44,84.65,25888.515
2026-04-19T10:15:00+00:00,84.65,84.74,84.55,84.66,17838.088
2026-04-19T10:30:00+00:00,84.66,84.72,84.64,84.7,6899.294
2026-04-19T10:45:00+00:00,84.7,84.9,84.7,84.79,11999.366
2026-04-19T11:00:00+00:00,84.79,85.44,84.76,85.34,40075.635
2026-04-19T11:15:00+00:00,85.33,85.47,85.24,85.26,38617.853
2026-04-19T11:30:00+00:00,85.26,85.52,85.25,85.51,21056.778
2026-04-19T11:45:00+00:00,85.51,85.71,85.46,85.6,42121.813
2026-04-19T12:00:00+00:00,85.61,85.77,85.56,85.69,37667.085
2026-04-19T12:15:00+00:00,85.69,85.85,85.64,85.67,25821.3
2026-04-19T12:30:00+00:00,85.67,85.72,85.55,85.63,16201.543
2026-04-19T12:45:00+00:00,85.63,85.96,85.59,85.79,16387.651
2026-04-19T13:00:00+00:00,85.79,86.33,85.76,86.24,41477.268
2026-04-19T13:15:00+00:00,86.24,86.96,86.24,86.59,62730.655
2026-04-19T13:30:00+00:00,86.59,86.73,86.25,86.49,25302.73
2026-04-19T13:45:00+00:00,86.5,86.51,86.24,86.33,22555.058
2026-04-19T14:00:00+00:00,86.34,86.43,85.98,86.23,26244.377
2026-04-19T14:15:00+00:00,86.23,87.09,86.2,87.04,58056.03
2026-04-19T14:30:00+00:00,87.05,87.12,86.46,86.75,44402.094
2026-04-19T14:45:00+00:00,86.75,86.98,86.5,86.53,35709.109
2026-04-19T15:00:00+00:00,86.53,86.54,86.24,86.43,45405.807
2026-04-19T15:15:00+00:00,86.43,86.67,86.26,86.37,13791.444
2026-04-19T15:30:00+00:00,86.37,86.4,85.59,85.95,60914.403
2026-04-19T15:45:00+00:00,85.94,86.36,85.86,86.36,20304.407
2026-04-19T16:00:00+00:00,86.35,86.5,86.12,86.22,22289.744
2026-04-19T16:15:00+00:00,86.22,86.32,86.01,86.05,11143.584
2026-04-19T16:30:00+00:00,86.05,86.27,86.01,86.11,9849.923
2026-04-19T16:45:00+00:00,86.1,86.24,85.72,85.86,29737.215
2026-04-19T17:00:00+00:00,85.85,85.86,85.34,85.68,55144.988
2026-04-19T17:15:00+00:00,85.69,85.99,85.57,85.65,15067.328
2026-04-19T17:30:00+00:00,85.66,85.78,85.32,85.52,16840.637
2026-04-19T17:45:00+00:00,85.52,85.58,85.0,85.13,33601.635
2026-04-19T18:00:00+00:00,85.14,85.26,84.97,85.21,37780.566
2026-04-19T18:15:00+00:00,85.21,85.3,84.95,85.14,22459.598
2026-04-19T18:30:00+00:00,85.14,85.14,84.94,85.01,13083.95
2026-04-19T18:45:00+00:00,85.01,85.18,84.88,85.11,18885.947
2026-04-19T19:00:00+00:00,85.1,85.44,85.1,85.38,13259.449
2026-04-19T19:15:00+00:00,85.38,85.55,85.25,85.4,32609.236
2026-04-19T19:30:00+00:00,85.4,85.54,85.26,85.26,10248.786
2026-04-19T19:45:00+00:00,85.26,85.35,85.21,85.33,7739.245
2026-04-19T20:00:00+00:00,85.33,85.35,85.05,85.16,14407.927
2026-04-19T20:15:00+00:00,85.17,85.18,84.86,85.03,31540.577
2026-04-19T20:30:00+00:00,85.03,85.25,84.79,84.86,28836.335
2026-04-19T20:45:00+00:00,84.86,85.16,84.72,84.94,24012.328
2026-04-19T21:00:00+00:00,84.95,85.14,84.88,85.09,14323.283
2026-04-19T21:15:00+00:00,85.09,85.16,84.92,85.11,9066.627
2026-04-19T21:30:00+00:00,85.11,85.24,85.07,85.12,7185.955
2026-04-19T21:45:00+00:00,85.12,85.22,84.61,84.7,20311.271
2026-04-19T22:00:00+00:00,84.69,84.69,84.0,84.04,83814.304
2026-04-19T22:15:00+00:00,84.04,84.04,82.94,83.41,164137.954
2026-04-19T22:30:00+00:00,83.41,83.83,83.37,83.81,48034.979
2026-04-19T22:45:00+00:00,83.82,83.92,83.7,83.77,19421.085
2026-04-19T23:00:00+00:00,83.76,83.77,83.4,83.59,26801.273
2026-04-19T23:15:00+00:00,83.58,83.6,83.32,83.57,42686.306
2026-04-19T23:30:00+00:00,83.57,83.67,83.47,83.55,23404.377
2026-04-19T23:45:00+00:00,83.55,83.67,83.45,83.47,16752.283
2026-04-20T00:00:00+00:00,83.47,83.77,83.34,83.59,42944.49
2026-04-20T00:15:00+00:00,83.59,83.95,83.46,83.93,35243.937
2026-04-20T00:30:00+00:00,83.93,83.99,83.75,83.8,32461.583
2026-04-20T00:45:00+00:00,83.8,84.19,83.8,84.0,30395.704
2026-04-20T01:00:00+00:00,84.0,84.22,83.97,84.22,23139.579
2026-04-20T01:15:00+00:00,84.22,84.22,83.96,84.13,25269.206
2026-04-20T01:30:00+00:00,84.12,84.56,84.12,84.44,24433.638
2026-04-20T01:45:00+00:00,84.45,84.52,84.31,84.35,14071.181
2026-04-20T02:00:00+00:00,84.36,84.39,83.89,83.94,20089.79
2026-04-20T02:15:00+00:00,83.94,84.1,83.72,84.08,18298.539
2026-04-20T02:30:00+00:00,84.08,84.23,84.03,84.19,13315.783
2026-04-20T02:45:00+00:00,84.19,84.31,84.13,84.21,10570.198
2026-04-20T03:00:00+00:00,84.21,84.38,84.13,84.37,7894.032
2026-04-20T03:15:00+00:00,84.38,84.45,84.25,84.34,13192.62
2026-04-20T03:30:00+00:00,84.34,84.51,84.32,84.5,5941.648
2026-04-20T03:45:00+00:00,84.49,84.62,84.41,84.59,11388.421
2026-04-20T04:00:00+00:00,84.59,84.59,84.42,84.42,7465.453
2026-04-20T04:15:00+00:00,84.43,84.46,84.26,84.4,9756.401
2026-04-20T04:30:00+00:00,84.39,84.47,84.37,84.42,11567.004
2026-04-20T04:45:00+00:00,84.41,84.62,84.41,84.58,16328.041
2026-04-20T05:00:00+00:00,84.58,84.59,84.08,84.22,21508.349
2026-04-20T05:15:00+00:00,84.21,84.21,83.84,83.91,35149.429
2026-04-20T05:30:00+00:00,83.9,84.01,83.79,83.8,12202.563
2026-04-20T05:45:00+00:00,83.8,83.96,83.75,83.87,11911.34
2026-04-20T06:00:00+00:00,83.88,84.04,83.78,83.89,33049.389
2026-04-20T06:15:00+00:00,83.88,84.03,83.84,83.98,7319.984
2026-04-20T06:30:00+00:00,83.98,84.75,83.98,84.53,24713.663
2026-04-20T06:45:00+00:00,84.52,84.56,84.32,84.46,22229.451
2026-04-20T07:00:00+00:00,84.47,84.73,84.44,84.67,14131.631
2026-04-20T07:15:00+00:00,84.67,85.76,84.58,85.36,87108.653
2026-04-20T07:30:00+00:00,85.37,85.46,84.75,84.83,46363.915
2026-04-20T07:45:00+00:00,84.84,84.96,84.53,84.73,25242.555
2026-04-20T08:00:00+00:00,84.74,84.79,84.57,84.75,26265.353
2026-04-20T08:15:00+00:00,84.76,85.14,84.72,84.9,24412.652
2026-04-20T08:30:00+00:00,84.89,85.08,84.69,84.77,18984.183
2026-04-20T08:45:00+00:00,84.78,84.83,84.58,84.69,15182.618
2026-04-20T09:00:00+00:00,84.68,85.08,84.64,84.96,20833.036
2026-04-20T09:15:00+00:00,84.96,85.1,84.9,84.94,13099.239
2026-04-20T09:30:00+00:00,84.94,85.21,84.92,85.12,18574.583
2026-04-20T09:45:00+00:00,85.13,85.26,85.0,85.08,15913.305
2026-04-20T10:00:00+00:00,85.08,85.35,85.03,85.32,20891.283
2026-04-20T10:15:00+00:00,85.32,85.4,85.18,85.22,26915.206
2026-04-20T10:30:00+00:00,85.22,85.22,84.88,84.99,10660.526
2026-04-20T10:45:00+00:00,84.98,85.0,84.82,84.86,13522.148
2026-04-20T11:00:00+00:00,84.85,85.04,84.78,85.04,14409.493
2026-04-20T11:15:00+00:00,85.04,85.17,84.93,85.06,15420.26
2026-04-20T11:30:00+00:00,85.05,85.3,84.96,85.25,25766.467
2026-04-20T11:45:00+00:00,85.24,85.37,85.02,85.07,24211.286
2026-04-20T12:00:00+00:00,85.06,85.3,84.88,85.2,21252.142
2026-04-20T12:15:00+00:00,85.19,85.54,85.14,85.36,30915.246
2026-04-20T12:30:00+00:00,85.36,85.39,84.85,85.08,26075.715
2026-04-20T12:45:00+00:00,85.09,85.33,85.09,85.32,16583.924
2026-04-20T13:00:00+00:00,85.32,85.54,85.16,85.39,34839.611
2026-04-20T13:15:00+00:00,85.38,85.45,85.07,85.2,24449.438
2026-04-20T13:30:00+00:00,85.21,85.52,84.87,85.29,46263.219
2026-04-20T13:45:00+00:00,85.28,85.45,85.05,85.31,20828.838
2026-04-20T14:00:00+00:00,85.31,85.31,84.96,85.06,23541.974
2026-04-20T14:15:00+00:00,85.05,85.81,85.03,85.46,109602.918
2026-04-20T14:30:00+00:00,85.46,85.59,85.05,85.31,29599.472
2026-04-20T14:45:00+00:00,85.3,85.39,84.54,84.8,49102.923
2026-04-20T15:00:00+00:00,84.8,84.95,84.42,84.84,43209.603
2026-04-20T15:15:00+00:00,84.84,85.77,84.8,85.75,93276.263
2026-04-20T15:30:00+00:00,85.74,85.74,85.43,85.52,25385.064
2026-04-20T15:45:00+00:00,85.51,85.88,85.42,85.86,29326.337
2026-04-20T16:00:00+00:00,85.86,85.88,85.49,85.62,29946.165
2026-04-20T16:15:00+00:00,85.62,85.69,85.45,85.55,14654.729
2026-04-20T16:30:00+00:00,85.55,85.73,85.43,85.63,15524.705
2026-04-20T16:45:00+00:00,85.62,85.65,85.26,85.31,11091.044
2026-04-20T17:00:00+00:00,85.31,85.95,85.25,85.83,17426.752
2026-04-20T17:15:00+00:00,85.82,86.12,85.72,85.84,27363.781
2026-04-20T17:30:00+00:00,85.85,85.94,85.64,85.77,12875.739
2026-04-20T17:45:00+00:00,85.77,86.08,85.64,85.69,21003.216
2026-04-20T18:00:00+00:00,85.7,86.17,85.7,86.08,59040.502
2026-04-20T18:15:00+00:00,86.08,86.22,85.98,85.98,25619.484
2026-04-20T18:30:00+00:00,85.99,86.17,85.81,86.05,34085.034
2026-04-20T18:45:00+00:00,86.04,86.14,85.73,86.07,51485.135
2026-04-20T19:00:00+00:00,86.07,86.11,85.97,86.01,21282.128
2026-04-20T19:15:00+00:00,86.02,86.02,85.77,85.89,11956.233
2026-04-20T19:30:00+00:00,85.9,85.96,85.84,85.85,6725.347
2026-04-20T19:45:00+00:00,85.85,86.01,85.8,85.8,14587.844
2026-04-20T20:00:00+00:00,85.8,85.92,85.66,85.88,22417.797
2026-04-20T20:15:00+00:00,85.88,86.17,85.86,85.9,14448.029
2026-04-20T20:30:00+00:00,85.9,85.92,85.77,85.84,17896.877
2026-04-20T20:45:00+00:00,85.85,85.99,85.76,85.95,29822.163
2026-04-20T21:00:00+00:00,85.95,86.21,85.65,85.81,31159.864
2026-04-20T21:15:00+00:00,85.81,85.87,85.66,85.74,9374.758
2026-04-20T21:30:00+00:00,85.74,85.8,85.58,85.73,11550.6
2026-04-20T21:45:00+00:00,85.72,85.86,85.66,85.79,6762.481
2026-04-20T22:00:00+00:00,85.8,86.07,85.78,85.93,14746.269
2026-04-20T22:15:00+00:00,85.93,85.96,85.67,85.75,13818.904
2026-04-20T22:30:00+00:00,85.74,85.9,85.6,85.72,14266.771
2026-04-20T22:45:00+00:00,85.72,85.72,85.62,85.7,4075.041
2026-04-20T23:00:00+00:00,85.71,85.71,85.35,85.38,24511.184
2026-04-20T23:15:00+00:00,85.38,85.42,85.22,85.27,18859.639
2026-04-20T23:30:00+00:00,85.27,85.35,85.21,85.29,37482.368
2026-04-20T23:45:00+00:00,85.29,85.33,85.22,85.28,10473.672
2026-04-21T00:00:00+00:00,85.29,85.51,85.22,85.45,20773.137
2026-04-21T00:15:00+00:00,85.44,85.54,85.37,85.51,11348.629
2026-04-21T00:30:00+00:00,85.51,85.57,85.42,85.47,11870.989
2026-04-21T00:45:00+00:00,85.48,85.77,85.48,85.66,16112.345
2026-04-21T01:00:00+00:00,85.66,85.82,85.53,85.74,9744.656
2026-04-21T01:15:00+00:00,85.73,85.73,85.58,85.69,6069.456
2026-04-21T01:30:00+00:00,85.69,85.83,85.49,85.59,8879.779
2026-04-21T01:45:00+00:00,85.59,85.6,85.35,85.43,9652.316
2026-04-21T02:00:00+00:00,85.44,85.46,85.23,85.27,13640.095
2026-04-21T02:15:00+00:00,85.27,85.36,85.17,85.26,16521.634
2026-04-21T02:30:00+00:00,85.26,85.39,85.26,85.28,13093.981
2026-04-21T02:45:00+00:00,85.28,85.32,85.2,85.27,10117.52
2026-04-21T03:00:00+00:00,85.26,85.28,85.07,85.17,13479.63
2026-04-21T03:15:00+00:00,85.17,85.37,85.07,85.33,17780.238
2026-04-21T03:30:00+00:00,85.33,85.55,85.0,85.13,59223.949
2026-04-21T03:45:00+00:00,85.13,85.32,85.1,85.17,17675.451
2026-04-21T04:00:00+00:00,85.17,85.28,85.11,85.11,10911.224
2026-04-21T04:15:00+00:00,85.11,85.2,85.02,85.11,22332.7
2026-04-21T04:30:00+00:00,85.1,85.28,85.02,85.23,23763.544
2026-04-21T04:45:00+00:00,85.23,85.47,85.16,85.44,12678.193
2026-04-21T05:00:00+00:00,85.43,85.83,85.41,85.68,15371.238
2026-04-21T05:15:00+00:00,85.67,85.8,85.56,85.68,51191.13
2026-04-21T05:30:00+00:00,85.68,85.71,85.6,85.7,18167.388
2026-04-21T05:45:00+00:00,85.69,85.71,85.61,85.67,16014.839
2026-04-21T06:00:00+00:00,85.68,85.73,85.47,85.54,29635.352
2026-04-21T06:15:00+00:00,85.54,85.57,85.19,85.32,22495.149
2026-04-21T06:30:00+00:00,85.33,85.95,85.33,85.74,24251.741
2026-04-21T06:45:00+00:00,85.73,85.79,85.66,85.67,6448.666
2026-04-21T07:00:00+00:00,85.68,85.68,85.42,85.53,9276.453
2026-04-21T07:15:00+00:00,85.52,85.96,85.41,85.75,17585.013
2026-04-21T07:30:00+00:00,85.76,85.92,85.59,85.83,20138.334
2026-04-21T07:45:00+00:00,85.83,85.98,85.7,85.71,18624.887
2026-04-21T08:00:00+00:00,85.71,85.86,85.63,85.72,8389.194
2026-04-21T08:15:00+00:00,85.72,85.95,85.7,85.91,22164.898
2026-04-21T08:30:00+00:00,85.91,86.03,85.77,85.95,19741.04
2026-04-21T08:45:00+00:00,85.95,86.38,85.78,85.81,41538.625
2026-04-21T09:00:00+00:00,85.8,85.87,85.64,85.75,8653.796
2026-04-21T09:15:00+00:00,85.75,85.89,85.52,85.61,22374.971
2026-04-21T09:30:00+00:00,85.61,85.8,85.58,85.79,7817.897
2026-04-21T09:45:00+00:00,85.79,85.91,85.73,85.89,9927.438
2026-04-21T10:00:00+00:00,85.89,86.07,85.88,85.95,7993.33
2026-04-21T10:15:00+00:00,85.95,86.03,85.84,85.95,8167.993
2026-04-21T10:30:00+00:00,85.95,86.12,85.9,86.11,7300.584
2026-04-21T10:45:00+00:00,86.11,86.32,86.08,86.16,31569.578
2026-04-21T11:00:00+00:00,86.16,86.17,85.72,85.82,22862.417
2026-04-21T11:15:00+00:00,85.82,86.16,85.77,86.06,11699.451
2026-04-21T11:30:00+00:00,86.06,86.13,85.87,85.91,14647.805
2026-04-21T11:45:00+00:00,85.9,85.91,85.83,85.85,11948.054
2026-04-21T12:00:00+00:00,85.85,86.04,85.81,85.81,11093.405
2026-04-21T12:15:00+00:00,85.81,85.85,85.75,85.83,11991.155
2026-04-21T12:30:00+00:00,85.84,85.9,85.17,85.3,50658.403
2026-04-21T12:45:00+00:00,85.31,85.58,85.18,85.52,27146.082
2026-04-21T13:00:00+00:00,85.51,85.55,85.36,85.38,21958.388
2026-04-21T13:15:00+00:00,85.39,85.59,85.36,85.45,10418.626
2026-04-21T13:30:00+00:00,85.44,85.85,85.3,85.69,26543.955
2026-04-21T13:45:00+00:00,85.68,85.85,85.61,85.81,15223.294
2026-04-21T14:00:00+00:00,85.82,85.91,85.61,85.7,27781.296
2026-04-21T14:15:00+00:00,85.7,86.25,85.7,86.03,31244.062
2026-04-21T14:30:00+00:00,86.03,86.89,86.0,86.58,65931.943
2026-04-21T14:45:00+00:00,86.58,86.6,85.73,85.76,48645.032
2026-04-21T15:00:00+00:00,85.77,86.24,85.57,86.2,50471.631
2026-04-21T15:15:00+00:00,86.2,86.28,85.55,85.7,23910.948
2026-04-21T15:30:00+00:00,85.71,85.91,85.4,85.75,13413.413
2026-04-21T15:45:00+00:00,85.75,86.08,85.71,86.05,13150.116
2026-04-21T16:00:00+00:00,86.05,86.25,85.93,86.12,39815.872
2026-04-21T16:15:00+00:00,86.12,86.16,85.84,85.91,25123.09
2026-04-21T16:30:00+00:00,85.91,86.3,85.87,85.93,21847.482
2026-04-21T16:45:00+00:00,85.94,86.13,85.66,85.69,11548.788
2026-04-21T17:00:00+00:00,85.7,85.77,85.23,85.38,39006.117
2026-04-21T17:15:00+00:00,85.39,85.41,84.73,85.04,48677.445
2026-04-21T17:30:00+00:00,85.03,85.8,84.88,85.55,41504.155
2026-04-21T17:45:00+00:00,85.55,85.61,85.28,85.31,23696.646
2026-04-21T18:00:00+00:00,85.32,85.39,85.14,85.29,10594.954
2026-04-21T18:15:00+00:00,85.3,85.39,84.82,84.91,34750.743
2026-04-21T18:30:00+00:00,84.91,85.09,84.9,84.99,23452.862
2026-04-21T18:45:00+00:00,85.0,85.26,84.73,85.25,20757.891
2026-04-21T19:00:00+00:00,85.24,85.57,85.15,85.25,19242.036
2026-04-21T19:15:00+00:00,85.25,85.72,85.15,85.51,17615.944
2026-04-21T19:30:00+00:00,85.52,85.53,84.31,84.37,39352.184
2026-04-21T19:45:00+00:00,84.36,84.66,84.35,84.57,24512.976
2026-04-21T20:00:00+00:00,84.57,85.5,84.43,85.36,106573.585
2026-04-21T20:15:00+00:00,85.36,85.7,85.3,85.46,27709.399
2026-04-21T20:30:00+00:00,85.47,85.75,85.46,85.54,15617.687
2026-04-21T20:45:00+00:00,85.54,85.67,85.37,85.42,27688.328
2026-04-21T21:00:00+00:00,85.42,85.59,85.13,85.29,35335.737
2026-04-21T21:15:00+00:00,85.28,85.38,85.12,85.13,7103.073
2026-04-21T21:30:00+00:00,85.14,85.25,85.01,85.04,8684.115
2026-04-21T21:45:00+00:00,85.03,85.23,85.03,85.16,6692.742
2026-04-21T22:00:00+00:00,85.15,85.45,85.04,85.38,28290.909
2026-04-21T22:15:00+00:00,85.37,85.39,84.99,85.12,15283.624
2026-04-21T22:30:00+00:00,85.12,85.35,85.0,85.32,7287.314
2026-04-21T22:45:00+00:00,85.31,85.39,85.21,85.36,9265.303
2026-04-21T23:00:00+00:00,85.35,85.72,85.34,85.71,19341.205
2026-04-21T23:15:00+00:00,85.72,85.86,85.49,85.54,24470.291
2026-04-21T23:30:00+00:00,85.54,85.84,85.51,85.83,17661.445
2026-04-21T23:45:00+00:00,85.82,86.13,85.82,86.03,31834.851
2026-04-22T00:00:00+00:00,86.04,86.19,86.01,86.16,17571.824
2026-04-22T00:15:00+00:00,86.16,86.46,86.01,86.3,38826.141
2026-04-22T00:30:00+00:00,86.31,86.44,86.1,86.24,23203.452
2026-04-22T00:45:00+00:00,86.25,86.51,86.23,86.48,47940.799
2026-04-22T01:00:00+00:00,86.49,86.53,86.27,86.4,24361.045
2026-04-22T01:15:00+00:00,86.4,86.45,86.09,86.21,28753.769
2026-04-22T01:30:00+00:00,86.22,86.36,86.17,86.25,8462.296
2026-04-22T01:45:00+00:00,86.25,86.4,86.18,86.27,10838.79
2026-04-22T02:00:00+00:00,86.27,86.87,86.2,86.67,42784.658
2026-04-22T02:15:00+00:00,86.68,87.34,86.68,87.24,76154.757
2026-04-22T02:30:00+00:00,87.25,87.56,87.07,87.5,85862.299
2026-04-22T02:45:00+00:00,87.49,87.57,87.26,87.42,48429.602
2026-04-22T03:00:00+00:00,87.42,87.87,87.3,87.59,78129.303
2026-04-22T03:15:00+00:00,87.6,87.6,87.35,87.39,22248.12
2026-04-22T03:30:00+00:00,87.4,87.42,87.12,87.3,18883.34
2026-04-22T03:45:00+00:00,87.3,87.39,87.19,87.24,12350.196
2026-04-22T04:00:00+00:00,87.25,87.33,87.11,87.13,15359.831
2026-04-22T04:15:00+00:00,87.13,87.17,87.02,87.12,14687.248
2026-04-22T04:30:00+00:00,87.11,87.33,87.1,87.15,13291.158
2026-04-22T04:45:00+00:00,87.15,87.16,86.97,87.08,15479.524
2026-04-22T05:00:00+00:00,87.08,87.25,87.01,87.24,33931.203
2026-04-22T05:15:00+00:00,87.23,88.18,87.19,88.05,102159.336
2026-04-22T05:30:00+00:00,88.04,88.31,87.88,88.01,91797.61
2026-04-22T05:45:00+00:00,88.02,88.33,87.98,88.02,48209.904
2026-04-22T06:00:00+00:00,88.02,88.11,87.91,87.99,47407.245
2026-04-22T06:15:00+00:00,87.99,88.14,87.93,88.13,40645.449
2026-04-22T06:30:00+00:00,88.14,88.19,87.86,87.94,30973.136
2026-04-22T06:45:00+00:00,87.93,87.99,87.79,87.96,23508.456
2026-04-22T07:00:00+00:00,87.96,88.0,87.7,87.99,26432.965
2026-04-22T07:15:00+00:00,87.98,88.0,87.79,87.87,27274.573
2026-04-22T07:30:00+00:00,87.87,88.13,87.81,88.12,30884.46
2026-04-22T07:45:00+00:00,88.12,88.27,87.94,88.05,53528.083
2026-04-22T08:00:00+00:00,88.06,88.2,87.93,87.96,20402.376
2026-04-22T08:15:00+00:00,87.95,88.0,87.69,87.7,46292.55
2026-04-22T08:30:00+00:00,87.7,87.81,87.6,87.69,23854.398
2026-04-22T08:45:00+00:00,87.69,88.29,87.69,88.01,38880.57
2026-04-22T09:00:00+00:00,88.0,88.88,87.83,88.41,94992.242
2026-04-22T09:15:00+00:00,88.4,88.59,88.37,88.53,28203.446
2026-04-22T09:30:00+00:00,88.53,88.57,88.4,88.47,28499.365
2026-04-22T09:45:00+00:00,88.46,88.47,88.22,88.3,15428.139
2026-04-22T10:00:00+00:00,88.3,88.43,88.15,88.24,21030.017
2026-04-22T10:15:00+00:00,88.24,88.29,88.13,88.22,12691.372
2026-04-22T10:30:00+00:00,88.21,88.38,88.21,88.36,12335.314
2026-04-22T10:45:00+00:00,88.37,88.41,88.26,88.33,13496.67
2026-04-22T11:00:00+00:00,88.34,88.43,88.18,88.27,13560.197
2026-04-22T11:15:00+00:00,88.27,88.5,88.23,88.27,13746.072
2026-04-22T11:30:00+00:00,88.28,88.43,88.16,88.2,15200.105
2026-04-22T11:45:00+00:00,88.2,88.34,88.19,88.31,9729.851
2026-04-22T12:00:00+00:00,88.31,88.47,88.22,88.4,24835.015
2026-04-22T12:15:00+00:00,88.41,88.48,88.3,88.32,25516.1
2026-04-22T12:30:00+00:00,88.32,88.52,88.27,88.43,39803.423
2026-04-22T12:45:00+00:00,88.44,88.67,88.43,88.58,38253.926
2026-04-22T13:00:00+00:00,88.58,88.9,88.46,88.73,43581.534
2026-04-22T13:15:00+00:00,88.73,88.83,88.67,88.73,24889.558
2026-04-22T13:30:00+00:00,88.74,89.0,88.44,88.97,58650.92
2026-04-22T13:45:00+00:00,88.98,89.18,88.9,89.1,99151.139
2026-04-22T14:00:00+00:00,89.1,89.31,88.77,89.3,81149.772
2026-04-22T14:15:00+00:00,89.3,89.32,88.88,89.04,50340.182
2026-04-22T14:30:00+00:00,89.05,89.08,88.47,88.62,83496.326
2026-04-22T14:45:00+00:00,88.63,88.88,88.56,88.75,39843.705
2026-04-22T15:00:00+00:00,88.74,88.81,88.37,88.38,46662.061
2026-04-22T15:15:00+00:00,88.38,88.47,87.99,88.13,91289.351
2026-04-22T15:30:00+00:00,88.12,88.49,88.12,88.3,59357.547
2026-04-22T15:45:00+00:00,88.3,88.48,88.18,88.18,22751.985
2026-04-22T16:00:00+00:00,88.19,88.46,88.09,88.23,33869.881
2026-04-22T16:15:00+00:00,88.24,88.27,87.82,87.89,64446.312
2026-04-22T16:30:00+00:00,87.89,87.98,87.77,87.84,36535.506
2026-04-22T16:45:00+00:00,87.83,87.86,87.53,87.65,42158.029
2026-04-22T17:00:00+00:00,87.65,88.0,87.63,87.89,39717.39
2026-04-22T17:15:00+00:00,87.89,88.0,87.74,87.87,22789.762
2026-04-22T17:30:00+00:00,87.88,87.98,87.78,87.89,12886.774
2026-04-22T17:45:00+00:00,87.88,88.02,87.72,87.83,26848.781
2026-04-22T18:00:00+00:00,87.83,88.14,87.82,88.13,18197.35
2026-04-22T18:15:00+00:00,88.13,88.2,88.07,88.17,12729.658
2026-04-22T18:30:00+00:00,88.16,88.27,88.12,88.15,10858.369
2026-04-22T18:45:00+00:00,88.15,88.37,87.8,87.81,37110.052
2026-04-22T19:00:00+00:00,87.82,87.82,87.43,87.56,41008.423
2026-04-22T19:15:00+00:00,87.55,87.83,87.48,87.68,34033.489
2026-04-22T19:30:00+00:00,87.68,87.7,87.09,87.3,42351.27
2026-04-22T19:45:00+00:00,87.3,87.47,87.24,87.37,25093.748
2026-04-22T20:00:00+00:00,87.38,87.49,87.29,87.39,12485.795
2026-04-22T20:15:00+00:00,87.38,87.4,87.09,87.29,16000.495
2026-04-22T20:30:00+00:00,87.28,87.34,87.1,87.23,11101.506
2026-04-22T20:45:00+00:00,87.24,87.24,87.09,87.14,11569.045
2026-04-22T21:00:00+00:00,87.14,87.33,87.12,87.31,11351.325
2026-04-22T21:15:00+00:00,87.31,87.45,87.27,87.44,6983.984
2026-04-22T21:30:00+00:00,87.45,87.67,87.37,87.55,14019.484
2026-04-22T21:45:00+00:00,87.56,87.64,87.51,87.6,6037.121
2026-04-22T22:00:00+00:00,87.59,87.72,87.46,87.55,12432.377
2026-04-22T22:15:00+00:00,87.55,87.57,87.3,87.32,11620.819
2026-04-22T22:30:00+00:00,87.33,87.46,87.3,87.38,12747.183
2026-04-22T22:45:00+00:00,87.37,87.44,87.3,87.43,5799.898
2026-04-22T23:00:00+00:00,87.43,87.47,87.21,87.31,17745.627
2026-04-22T23:15:00+00:00,87.31,87.34,86.84,87.02,34968.951
2026-04-22T23:30:00+00:00,87.02,87.02,86.81,86.97,16559.039
2026-04-22T23:45:00+00:00,86.97,87.02,86.82,86.87,14528.592
2026-04-23T00:00:00+00:00,86.86,87.03,86.45,86.45,38624.749
2026-04-23T00:15:00+00:00,86.45,87.08,85.97,86.94,79559.036
2026-04-23T00:30:00+00:00,86.94,87.18,86.78,87.0,32843.014
2026-04-23T00:45:00+00:00,87.0,87.07,86.7,86.86,21672.868
2026-04-23T01:00:00+00:00,86.87,86.87,86.51,86.52,19515.013
2026-04-23T01:15:00+00:00,86.52,86.55,86.15,86.19,29063.55
2026-04-23T01:30:00+00:00,86.19,86.48,86.12,86.39,29006.444
2026-04-23T01:45:00+00:00,86.38,86.5,86.23,86.44,13629.734
2026-04-23T02:00:00+00:00,86.43,86.44,86.2,86.21,15335.849
2026-04-23T02:15:00+00:00,86.2,86.32,85.96,86.06,32166.934
2026-04-23T02:30:00+00:00,86.06,86.11,85.73,85.89,42085.538
2026-04-23T02:45:00+00:00,85.89,86.1,85.82,85.95,16593.881
2026-04-23T03:00:00+00:00,85.94,86.09,85.8,85.8,13487.511
2026-04-23T03:15:00+00:00,85.8,85.88,85.72,85.82,15744.124
2026-04-23T03:30:00+00:00,85.82,85.87,85.48,85.69,28940.652
2026-04-23T03:45:00+00:00,85.69,85.8,85.57,85.79,15045.774
2026-04-23T04:00:00+00:00,85.78,85.91,85.65,85.83,20839.307
2026-04-23T04:15:00+00:00,85.82,85.89,85.74,85.8,15530.951
2026-04-23T04:30:00+00:00,85.8,85.98,85.79,85.92,11299.171
2026-04-23T04:45:00+00:00,85.92,86.0,85.88,85.96,16686.526
2026-04-23T05:00:00+00:00,85.96,86.13,85.84,85.97,33163.826
2026-04-23T05:15:00+00:00,85.97,86.07,85.9,85.97,13195.303
2026-04-23T05:30:00+00:00,85.97,85.99,85.51,85.7,35807.859
2026-04-23T05:45:00+00:00,85.7,85.93,85.69,85.87,16202.19
2026-04-23T06:00:00+00:00,85.87,86.13,85.84,85.99,15731.498
2026-04-23T06:15:00+00:00,86.0,86.15,85.99,86.13,23821.147
2026-04-23T06:30:00+00:00,86.14,86.23,85.96,86.0,19424.179
2026-04-23T06:45:00+00:00,86.01,86.21,86.0,86.18,15812.115
2026-04-23T07:00:00+00:00,86.19,86.21,86.07,86.09,8122.73
2026-04-23T07:15:00+00:00,86.09,86.12,86.01,86.08,11064.892
2026-04-23T07:30:00+00:00,86.07,86.24,86.0,86.06,32467.456
2026-04-23T07:45:00+00:00,86.06,86.09,85.86,85.9,19287.215
2026-04-23T08:00:00+00:00,85.91,85.93,85.75,85.88,17107.867
2026-04-23T08:15:00+00:00,85.88,85.94,85.64,85.81,43323.024
2026-04-23T08:30:00+00:00,85.81,85.84,85.54,85.57,21128.167
2026-04-23T08:45:00+00:00,85.58,85.76,85.57,85.69,13902.806
2026-04-23T09:00:00+00:00,85.68,85.69,85.25,85.42,34923.469
2026-04-23T09:15:00+00:00,85.42,85.63,85.42,85.57,16962.657
2026-04-23T09:30:00+00:00,85.57,85.65,85.57,85.6,9800.973
2026-04-23T09:45:00+00:00,85.6,85.62,85.38,85.51,14045.274
2026-04-23T10:00:00+00:00,85.51,85.6,85.2,85.21,32632.856
2026-04-23T10:15:00+00:00,85.22,85.4,85.22,85.36,16018.614
2026-04-23T10:30:00+00:00,85.37,85.45,85.34,85.39,9659.073
2026-04-23T10:45:00+00:00,85.39,85.48,85.28,85.41,15638.324
2026-04-23T11:00:00+00:00,85.42,85.49,85.36,85.47,17281.278
2026-04-23T11:15:00+00:00,85.47,85.67,85.44,85.61,19747.25
2026-04-23T11:30:00+00:00,85.61,85.76,85.55,85.7,18691.371
2026-04-23T11:45:00+00:00,85.7,85.9,85.68,85.81,28382.382
2026-04-23T12:00:00+00:00,85.82,86.1,85.81,86.0,20302.467
2026-04-23T12:15:00+00:00,86.01,86.07,85.91,86.01,11973.749
2026-04-23T12:30:00+00:00,86.01,86.1,85.95,85.97,17914.995
2026-04-23T12:45:00+00:00,85.97,86.05,85.69,85.97,30679.565
2026-04-23T13:00:00+00:00,85.97,86.04,85.72,85.75,20315.983
2026-04-23T13:15:00+00:00,85.76,85.84,85.63,85.72,11592.138
2026-04-23T13:30:00+00:00,85.71,85.89,85.67,85.82,17344.641
2026-04-23T13:45:00+00:00,85.81,86.0,85.57,85.77,73673.244
2026-04-23T14:00:00+00:00,85.76,85.84,85.55,85.61,31315.692
2026-04-23T14:15:00+00:00,85.6,86.1,85.57,85.83,31060.44
2026-04-23T14:30:00+00:00,85.84,86.09,85.84,86.03,22099.514
2026-04-23T14:45:00+00:00,86.03,86.19,86.02,86.06,31310.131
2026-04-23T15:00:00+00:00,86.05,86.07,85.81,85.87,29283.264
2026-04-23T15:15:00+00:00,85.88,86.5,85.82,86.09,55966.1
2026-04-23T15:30:00+00:00,86.1,86.47,86.0,86.35,66740.491
2026-04-23T15:45:00+00:00,86.35,86.66,86.16,86.35,116225.643
2026-04-23T16:00:00+00:00,86.36,86.42,86.19,86.19,53006.206
2026-04-23T16:15:00+00:00,86.19,86.27,86.08,86.11,23867.755
2026-04-23T16:30:00+00:00,86.1,86.24,86.05,86.11,36216.201
2026-04-23T16:45:00+00:00,86.11,86.15,85.78,85.81,49487.13
2026-04-23T17:00:00+00:00,85.82,85.88,85.27,85.35,65317.162
2026-04-23T17:15:00+00:00,85.35,85.36,84.9,85.03,94603.883
2026-04-23T17:30:00+00:00,85.02,85.21,84.48,84.76,110344.253
2026-04-23T17:45:00+00:00,84.75,85.45,84.53,85.34,112169.762
2026-04-23T18:00:00+00:00,85.35,85.65,85.27,85.41,48735.13
2026-04-23T18:15:00+00:00,85.42,85.54,85.26,85.35,26854.805
2026-04-23T18:30:00+00:00,85.35,85.68,85.35,85.53,33727.155
2026-04-23T18:45:00+00:00,85.53,85.58,85.23,85.26,49115.985
2026-04-23T19:00:00+00:00,85.26,85.38,85.15,85.34,65931.929
2026-04-23T19:15:00+00:00,85.33,85.58,85.33,85.35,38720.984
2026-04-23T19:30:00+00:00,85.34,85.42,85.2,85.29,32356.939
2026-04-23T19:45:00+00:00,85.3,85.55,85.22,85.3,51590.487
2026-04-23T20:00:00+00:00,85.3,85.64,85.29,85.49,36588.601
2026-04-23T20:15:00+00:00,85.5,85.66,85.43,85.52,17785.953
2026-04-23T20:30:00+00:00,85.53,85.85,85.48,85.79,32589.168
2026-04-23T20:45:00+00:00,85.79,85.84,85.58,85.61,19973.876
2026-04-23T21:00:00+00:00,85.61,85.69,85.52,85.63,23756.355
2026-04-23T21:15:00+00:00,85.64,85.8,85.59,85.79,9329.532
2026-04-23T21:30:00+00:00,85.8,86.01,85.8,85.97,18656.053
2026-04-23T21:45:00+00:00,85.97,86.01,85.79,85.79,11432.941
2026-04-23T22:00:00+00:00,85.8,86.08,85.8,85.99,18433.35
2026-04-23T22:15:00+00:00,85.99,86.25,85.96,86.16,45115.469
2026-04-23T22:30:00+00:00,86.16,86.25,86.12,86.17,13752.829
2026-04-23T22:45:00+00:00,86.17,86.2,85.91,85.97,22819.674
2026-04-23T23:00:00+00:00,85.96,86.0,85.74,85.75,20558.575
2026-04-23T23:15:00+00:00,85.76,86.09,85.58,85.96,30659.015
2026-04-23T23:30:00+00:00,85.97,86.12,85.97,86.12,5657.004
2026-04-23T23:45:00+00:00,86.12,86.2,86.09,86.12,6694.6
2026-04-24T00:00:00+00:00,86.12,86.18,86.04,86.09,8513.035
2026-04-24T00:15:00+00:00,86.09,86.36,86.05,86.21,21904.744
2026-04-24T00:30:00+00:00,86.21,86.33,86.15,86.15,20255.15
2026-04-24T00:45:00+00:00,86.15,86.29,86.12,86.19,8246.801
2026-04-24T01:00:00+00:00,86.19,86.2,85.87,85.93,12332.413
2026-04-24T01:15:00+00:00,85.93,85.97,85.83,85.93,9989.178
2026-04-24T01:30:00+00:00,85.92,86.02,85.82,85.92,6866.763
2026-04-24T01:45:00+00:00,85.92,86.32,85.91,86.28,13919.2
2026-04-24T02:00:00+00:00,86.28,86.36,86.1,86.15,7272.05
2026-04-24T02:15:00+00:00,86.15,86.2,86.01,86.02,5465.759
2026-04-24T02:30:00+00:00,86.03,86.11,86.02,86.1,4910.883
2026-04-24T02:45:00+00:00,86.11,86.13,85.78,85.89,12379.284
2026-04-24T03:00:00+00:00,85.89,85.94,85.83,85.89,13644.509
2026-04-24T03:15:00+00:00,85.89,85.89,85.58,85.7,32173.141
2026-04-24T03:30:00+00:00,85.69,85.7,85.4,85.5,27237.601
2026-04-24T03:45:00+00:00,85.49,85.72,85.48,85.69,19557.776
2026-04-24T04:00:00+00:00,85.69,85.69,85.57,85.61,7253.209
2026-04-24T04:15:00+00:00,85.6,85.71,85.41,85.45,11392.926
2026-04-24T04:30:00+00:00,85.45,85.52,85.14,85.32,25415.7
2026-04-24T04:45:00+00:00,85.33,85.46,85.3,85.32,9517.072
2026-04-24T05:00:00+00:00,85.31,85.4,85.15,85.34,16374.333
2026-04-24T05:15:00+00:00,85.34,85.42,85.16,85.35,19684.882
2026-04-24T05:30:00+00:00,85.36,85.49,85.23,85.45,18025.986
2026-04-24T05:45:00+00:00,85.46,85.82,85.43,85.7,47950.938
2026-04-24T06:00:00+00:00,85.7,85.73,85.59,85.69,5203.607
2026-04-24T06:15:00+00:00,85.68,85.7,85.49,85.64,14804.818
2026-04-24T06:30:00+00:00,85.65,85.67,85.33,85.44,13069.091
2026-04-24T06:45:00+00:00,85.43,85.54,85.39,85.44,10257.246
2026-04-24T07:00:00+00:00,85.44,85.62,85.42,85.5,4640.943
2026-04-24T07:15:00+00:00,85.5,85.52,85.38,85.44,7002.165
2026-04-24T07:30:00+00:00,85.45,85.48,85.34,85.42,38661.422
2026-04-24T07:45:00+00:00,85.42,85.56,85.4,85.51,38107.049
2026-04-24T08:00:00+00:00,85.5,85.51,85.29,85.36,23686.894
2026-04-24T08:15:00+00:00,85.36,85.73,85.35,85.54,26188.71
2026-04-24T08:30:00+00:00,85.54,85.54,85.32,85.4,20599.49
2026-04-24T08:45:00+00:00,85.41,85.52,85.31,85.34,14382.941
2026-04-24T09:00:00+00:00,85.35,85.38,84.92,85.12,45773.469
2026-04-24T09:15:00+00:00,85.13,85.22,85.05,85.17,16876.217
2026-04-24T09:30:00+00:00,85.17,85.34,85.16,85.34,6634.283
2026-04-24T09:45:00+00:00,85.33,85.48,85.18,85.48,22403.358
2026-04-24T10:00:00+00:00,85.47,85.47,85.18,85.33,18512.322
2026-04-24T10:15:00+00:00,85.34,85.62,85.32,85.51,20277.063
2026-04-24T10:30:00+00:00,85.51,85.63,85.5,85.54,8952.44
2026-04-24T10:45:00+00:00,85.55,85.76,85.5,85.71,23435.44
2026-04-24T11:00:00+00:00,85.72,86.15,85.71,86.07,64350.511
2026-04-24T11:15:00+00:00,86.07,86.25,85.93,86.25,47852.5
2026-04-24T11:30:00+00:00,86.25,86.28,86.15,86.18,20022.494
2026-04-24T11:45:00+00:00,86.18,86.24,86.04,86.19,21668.663
2026-04-24T12:00:00+00:00,86.2,86.77,86.15,86.71,70940.72
2026-04-24T12:15:00+00:00,86.72,86.79,86.36,86.48,38872.256
2026-04-24T12:30:00+00:00,86.47,86.48,86.24,86.27,27001.174
2026-04-24T12:45:00+00:00,86.27,86.38,86.06,86.33,27052.852
2026-04-24T13:00:00+00:00,86.34,86.6,86.32,86.45,29962.505
2026-04-24T13:15:00+00:00,86.46,86.5,86.26,86.29,10110.309
2026-04-24T13:30:00+00:00,86.29,86.33,86.09,86.16,30286.007
2026-04-24T13:45:00+00:00,86.16,86.2,85.86,86.09,39286.035
2026-04-24T14:00:00+00:00,86.08,86.15,85.83,85.91,24474.483
2026-04-24T14:15:00+00:00,85.91,86.07,85.67,85.8,29419.614
2026-04-24T14:30:00+00:00,85.8,86.23,85.78,86.18,18995.804
2026-04-24T14:45:00+00:00,86.19,86.2,85.89,86.05,16396.73
2026-04-24T15:00:00+00:00,86.05,86.06,85.53,85.78,35154.295
2026-04-24T15:15:00+00:00,85.78,86.09,85.74,86.05,19997.692
2026-04-24T15:30:00+00:00,86.05,86.46,86.04,86.38,22809.341
2026-04-24T15:45:00+00:00,86.38,86.56,86.25,86.52,28817.449
2026-04-24T16:00:00+00:00,86.52,86.58,86.28,86.28,25313.529
2026-04-24T16:15:00+00:00,86.28,86.29,86.1,86.24,19199.219
2026-04-24T16:30:00+00:00,86.23,86.47,86.09,86.29,19259.825
2026-04-24T16:45:00+00:00,86.3,86.35,86.18,86.35,10701.709
2026-04-24T17:00:00+00:00,86.34,86.55,86.29,86.51,13802.082
2026-04-24T17:15:00+00:00,86.52,86.52,86.33,86.4,10784.564
2026-04-24T17:30:00+00:00,86.41,86.41,86.12,86.38,10780.315
2026-04-24T17:45:00+00:00,86.37,86.56,86.27,86.49,20402.895
2026-04-24T18:00:00+00:00,86.49,86.54,86.21,86.21,7101.763
2026-04-24T18:15:00+00:00,86.21,86.29,85.95,86.21,13144.311
2026-04-24T18:30:00+00:00,86.21,86.46,86.19,86.39,9974.338
2026-04-24T18:45:00+00:00,86.38,86.41,86.33,86.36,5911.858
2026-04-24T19:00:00+00:00,86.37,86.53,86.26,86.29,8955.116
2026-04-24T19:15:00+00:00,86.28,86.39,86.28,86.31,3844.694
2026-04-24T19:30:00+00:00,86.32,86.4,86.25,86.32,17307.165
2026-04-24T19:45:00+00:00,86.31,86.42,86.26,86.33,13789.746
2026-04-24T20:00:00+00:00,86.32,86.55,86.23,86.48,23191.83
2026-04-24T20:15:00+00:00,86.47,86.47,86.22,86.28,15906.466
2026-04-24T20:30:00+00:00,86.28,86.9,86.27,86.7,55789.24
2026-04-24T20:45:00+00:00,86.7,86.89,86.7,86.85,9128.479
2026-04-24T21:00:00+00:00,86.85,86.94,86.57,86.59,18870.794
2026-04-24T21:15:00+00:00,86.59,86.65,86.51,86.57,16377.952
2026-04-24T21:30:00+00:00,86.56,86.59,86.36,86.44,15040.76
2026-04-24T21:45:00+00:00,86.44,86.51,86.39,86.46,4666.441
2026-04-24T22:00:00+00:00,86.45,86.46,86.35,86.42,8512.857
2026-04-24T22:15:00+00:00,86.42,86.44,86.35,86.35,7706.304
2026-04-24T22:30:00+00:00,86.35,86.36,86.1,86.21,13140.627
2026-04-24T22:45:00+00:00,86.22,86.32,86.1,86.17,14140.336
2026-04-24T23:00:00+00:00,86.18,86.27,86.17,86.25,3826.609
2026-04-24T23:15:00+00:00,86.24,86.25,86.15,86.21,8916.901
2026-04-24T23:30:00+00:00,86.21,86.3,86.19,86.21,4996.532
2026-04-24T23:45:00+00:00,86.21,86.23,86.18,86.18,4865.671
2026-04-25T00:00:00+00:00,86.18,86.22,86.09,86.11,7568.372
2026-04-25T00:15:00+00:00,86.11,86.15,86.03,86.04,4132.103
2026-04-25T00:30:00+00:00,86.04,86.23,86.03,86.16,11719.052
2026-04-25T00:45:00+00:00,86.15,86.26,86.14,86.23,5567.009
2026-04-25T01:00:00+00:00,86.23,86.29,86.15,86.27,5040.992
2026-04-25T01:15:00+00:00,86.27,86.34,86.13,86.18,7660.436
2026-04-25T01:30:00+00:00,86.19,86.32,86.18,86.3,5703.829
2026-04-25T01:45:00+00:00,86.3,86.36,86.26,86.27,5781.648
2026-04-25T02:00:00+00:00,86.28,86.4,86.2,86.31,10968.986
2026-04-25T02:15:00+00:00,86.31,86.33,86.16,86.29,5517.58
2026-04-25T02:30:00+00:00,86.3,86.32,86.25,86.26,3331.197
2026-04-25T02:45:00+00:00,86.27,86.3,86.25,86.29,2351.825
2026-04-25T03:00:00+00:00,86.28,86.4,86.27,86.31,4445.316
2026-04-25T03:15:00+00:00,86.31,86.42,86.3,86.34,4144.756
2026-04-25T03:30:00+00:00,86.34,86.43,86.33,86.41,3281.946
2026-04-25T03:45:00+00:00,86.42,86.5,86.42,86.46,9623.781
2026-04-25T04:00:00+00:00,86.46,86.51,86.4,86.46,7059.238
2026-04-25T04:15:00+00:00,86.46,86.47,86.32,86.35,6579.204
2026-04-25T04:30:00+00:00,86.35,86.36,86.29,86.31,2739.871
2026-04-25T04:45:00+00:00,86.3,86.36,86.29,86.34,3717.228
2026-04-25T05:00:00+00:00,86.34,86.34,86.15,86.17,11651.849
2026-04-25T05:15:00+00:00,86.17,86.18,86.13,86.13,9673.193
2026-04-25T05:30:00+00:00,86.14,86.25,86.11,86.21,12430.343
2026-04-25T05:45:00+00:00,86.22,86.23,86.19,86.2,4882.965
2026-04-25T06:00:00+00:00,86.2,86.35,86.19,86.35,7434.275
2026-04-25T06:15:00+00:00,86.35,86.35,86.21,86.25,4450.129
2026-04-25T06:30:00+00:00,86.26,86.46,86.26,86.42,13534.537
2026-04-25T06:45:00+00:00,86.42,86.66,86.41,86.45,16735.694
2026-04-25T07:00:00+00:00,86.45,86.45,86.26,86.34,8622.727
2026-04-25T07:15:00+00:00,86.35,86.39,86.25,86.32,11159.033
2026-04-25T07:30:00+00:00,86.31,86.51,86.28,86.39,30874.454
2026-04-25T07:45:00+00:00,86.39,86.45,86.34,86.36,8157.811
2026-04-25T08:00:00+00:00,86.36,86.45,86.3,86.44,9004.834
2026-04-25T08:15:00+00:00,86.44,86.59,86.43,86.59,19977.062
2026-04-25T08:30:00+00:00,86.59,86.8,86.55,86.62,36828.004
2026-04-25T08:45:00+00:00,86.63,86.63,86.57,86.63,8604.369
2026-04-25T09:00:00+00:00,86.62,86.67,86.57,86.67,7584.994
2026-04-25T09:15:00+00:00,86.66,86.69,86.58,86.58,11224.603
2026-04-25T09:30:00+00:00,86.59,86.8,86.58,86.71,7930.973
2026-04-25T09:45:00+00:00,86.72,86.76,86.57,86.58,8357.004
2026-04-25T10:00:00+00:00,86.58,86.69,86.57,86.61,8231.599
2026-04-25T10:15:00+00:00,86.62,86.73,86.61,86.64,6200.467
2026-04-25T10:30:00+00:00,86.63,86.73,86.58,86.63,4801.95
2026-04-25T10:45:00+00:00,86.62,86.66,86.59,86.63,4279.233
2026-04-25T11:00:00+00:00,86.63,86.64,86.43,86.44,13486.407
2026-04-25T11:15:00+00:00,86.45,86.5,86.35,86.39,6352.157
2026-04-25T11:30:00+00:00,86.39,86.48,86.34,86.35,12127.248
2026-04-25T11:45:00+00:00,86.35,86.39,86.25,86.36,15604.963
2026-04-25T12:00:00+00:00,86.36,86.39,86.23,86.35,11625.755
2026-04-25T12:15:00+00:00,86.35,86.43,86.34,86.34,6209.613
2026-04-25T12:30:00+00:00,86.34,86.43,86.27,86.33,11456.744
2026-04-25T12:45:00+00:00,86.33,86.42,86.32,86.39,6595.833
2026-04-25T13:00:00+00:00,86.39,86.53,86.38,86.53,4815.827
2026-04-25T13:15:00+00:00,86.53,86.58,86.49,86.56,4623.606
2026-04-25T13:30:00+00:00,86.56,86.66,86.53,86.66,8362.825
2026-04-25T13:45:00+00:00,86.66,86.67,86.58,86.61,16018.668
2026-04-25T14:00:00+00:00,86.61,86.66,86.5,86.58,11982.143
2026-04-25T14:15:00+00:00,86.59,86.65,86.51,86.63,8268.037
2026-04-25T14:30:00+00:00,86.64,86.66,86.6,86.64,4710.284
2026-04-25T14:45:00+00:00,86.63,86.66,86.46,86.47,5555.887
2026-04-25T15:00:00+00:00,86.46,86.59,86.42,86.58,5209.724
2026-04-25T15:15:00+00:00,86.58,86.64,86.54,86.61,4348.992
2026-04-25T15:30:00+00:00,86.61,86.63,86.53,86.54,5062.36
2026-04-25T15:45:00+00:00,86.54,86.54,86.1,86.22,19672.61
2026-04-25T16:00:00+00:00,86.22,86.33,86.15,86.27,12094.287
2026-04-25T16:15:00+00:00,86.28,86.31,86.06,86.14,10833.683
2026-04-25T16:30:00+00:00,86.15,86.17,85.61,85.9,54370.245
2026-04-25T16:45:00+00:00,85.89,85.96,85.85,85.88,12797.363
2026-04-25T17:00:00+00:00,85.88,85.88,85.73,85.78,15163.145
2026-04-25T17:15:00+00:00,85.78,85.87,85.68,85.68,17885.964
2026-04-25T17:30:00+00:00,85.68,85.73,85.6,85.7,15670.772
2026-04-25T17:45:00+00:00,85.69,85.74,85.55,85.57,17173.623
2026-04-25T18:00:00+00:00,85.56,85.78,85.55,85.74,21502.012
2026-04-25T18:15:00+00:00,85.73,85.77,85.53,85.69,84916.712
2026-04-25T18:30:00+00:00,85.7,85.81,85.69,85.71,16934.855
2026-04-25T18:45:00+00:00,85.7,85.82,85.68,85.7,9304.925
2026-04-25T19:00:00+00:00,85.69,85.72,85.63,85.66,13218.738
2026-04-25T19:15:00+00:00,85.66,85.72,85.55,85.61,20896.559
2026-04-25T19:30:00+00:00,85.6,85.65,85.57,85.6,8230.008
2026-04-25T19:45:00+00:00,85.59,85.71,85.58,85.68,4738.224
2026-04-25T20:00:00+00:00,85.68,85.74,85.61,85.74,3510.929
2026-04-25T20:15:00+00:00,85.74,85.84,85.71,85.81,3237.709
2026-04-25T20:30:00+00:00,85.81,85.86,85.76,85.83,3757.007
2026-04-25T20:45:00+00:00,85.84,85.92,85.8,85.9,8543.459
2026-04-25T21:00:00+00:00,85.9,86.09,85.9,86.05,20186.813
2026-04-25T21:15:00+00:00,86.05,86.11,85.95,85.97,18108.189
2026-04-25T21:30:00+00:00,85.96,85.97,85.74,85.82,16998.132
2026-04-25T21:45:00+00:00,85.82,85.96,85.78,85.91,4902.767
2026-04-25T22:00:00+00:00,85.91,86.02,85.86,86.0,5392.81
2026-04-25T22:15:00+00:00,85.99,86.07,85.97,86.04,4684.901
2026-04-25T22:30:00+00:00,86.05,86.18,86.05,86.15,9667.782
2026-04-25T22:45:00+00:00,86.14,86.16,86.08,86.11,6891.306
2026-04-25T23:00:00+00:00,86.11,86.15,86.05,86.12,5927.056
2026-04-25T23:15:00+00:00,86.12,86.12,86.04,86.07,3437.453
2026-04-25T23:30:00+00:00,86.08,86.2,86.06,86.15,7302.027
2026-04-25T23:45:00+00:00,86.15,86.19,86.13,86.18,3996.827
2026-04-26T00:00:00+00:00,86.19,86.22,86.05,86.12,7296.689
2026-04-26T00:15:00+00:00,86.12,86.14,86.05,86.06,3611.334
2026-04-26T00:30:00+00:00,86.06,86.13,86.02,86.12,4984.771
2026-04-26T00:45:00+00:00,86.12,86.15,85.93,86.03,5490.125
2026-04-26T01:00:00+00:00,86.03,86.08,86.01,86.04,5259.382
2026-04-26T01:15:00+00:00,86.04,86.07,85.98,85.99,5384.211
2026-04-26T01:30:00+00:00,85.99,86.08,85.98,86.08,5118.969
2026-04-26T01:45:00+00:00,86.07,86.13,85.97,85.97,4494.608
2026-04-26T02:00:00+00:00,85.97,86.17,85.97,86.17,4368.882
2026-04-26T02:15:00+00:00,86.17,86.29,86.17,86.27,10445.565
2026-04-26T02:30:00+00:00,86.28,86.32,86.21,86.26,6939.2
2026-04-26T02:45:00+00:00,86.26,86.4,86.18,86.4,19672.02
2026-04-26T03:00:00+00:00,86.4,86.46,86.18,86.29,16382.557
2026-04-26T03:15:00+00:00,86.3,86.34,86.03,86.04,25364.885
2026-04-26T03:30:00+00:00,86.03,86.11,85.84,85.88,31189.466
2026-04-26T03:45:00+00:00,85.88,86.01,85.86,85.99,6590.994
2026-04-26T04:00:00+00:00,85.99,86.15,85.92,86.09,15694.138
2026-04-26T04:15:00+00:00,86.09,86.13,86.08,86.13,5977.891
2026-04-26T04:30:00+00:00,86.13,86.4,86.11,86.33,12529.969
2026-04-26T04:45:00+00:00,86.33,86.73,86.33,86.45,60465.563
2026-04-26T05:00:00+00:00,86.44,86.62,86.15,86.54,32869.901
2026-04-26T05:15:00+00:00,86.55,86.7,86.51,86.57,40794.673
2026-04-26T05:30:00+00:00,86.58,86.66,86.43,86.47,55976.116
2026-04-26T05:45:00+00:00,86.47,86.48,86.38,86.45,13280.889
2026-04-26T06:00:00+00:00,86.44,86.58,86.44,86.51,6263.876
2026-04-26T06:15:00+00:00,86.52,86.53,86.38,86.4,4335.85
2026-04-26T06:30:00+00:00,86.4,86.59,86.39,86.52,5321.702
2026-04-26T06:45:00+00:00,86.52,86.53,86.4,86.5,6701.324
2026-04-26T07:00:00+00:00,86.5,86.51,86.45,86.5,5452.05
2026-04-26T07:15:00+00:00,86.5,86.55,86.48,86.51,5185.904
2026-04-26T07:30:00+00:00,86.51,86.52,86.44,86.45,5034.091
2026-04-26T07:45:00+00:00,86.45,86.63,86.45,86.62,7220.813
2026-04-26T08:00:00+00:00,86.63,86.7,86.53,86.59,10133.247
2026-04-26T08:15:00+00:00,86.58,86.59,86.51,86.58,4890.083
2026-04-26T08:30:00+00:00,86.58,86.76,86.53,86.59,16702.624
2026-04-26T08:45:00+00:00,86.59,86.63,86.55,86.57,6205.714
2026-04-26T09:00:00+00:00,86.57,86.59,86.49,86.52,7420.894
2026-04-26T09:15:00+00:00,86.53,86.59,86.5,86.53,3572.303
2026-04-26T09:30:00+00:00,86.53,86.55,86.46,86.5,6777.883
2026-04-26T09:45:00+00:00,86.5,86.56,86.48,86.55,4063.877
2026-04-26T10:00:00+00:00,86.54,86.6,86.5,86.58,3991.088
2026-04-26T10:15:00+00:00,86.58,86.61,86.56,86.56,6126.228
2026-04-26T10:30:00+00:00,86.56,86.58,86.47,86.47,7372.539
2026-04-26T10:45:00+00:00,86.48,86.5,86.42,86.48,15728.015
2026-04-26T11:00:00+00:00,86.47,86.58,86.47,86.52,6885.713
2026-04-26T11:15:00+00:00,86.53,86.64,86.47,86.57,6114.301
2026-04-26T11:30:00+00:00,86.57,86.59,86.48,86.49,9606.281
2026-04-26T11:45:00+00:00,86.49,86.54,86.46,86.48,7148.397
2026-04-26T12:00:00+00:00,86.49,86.49,86.25,86.27,16436.819
2026-04-26T12:15:00+00:00,86.26,86.3,86.19,86.24,18152.679
2026-04-26T12:30:00+00:00,86.24,86.31,86.16,86.16,17581.992
2026-04-26T12:45:00+00:00,86.16,86.2,85.9,86.09,56893.987
2026-04-26T13:00:00+00:00,86.09,86.15,86.01,86.11,14353.562
2026-04-26T13:15:00+00:00,86.11,86.14,85.97,86.06,18018.453
2026-04-26T13:30:00+00:00,86.05,86.27,86.05,86.09,41419.629
2026-04-26T13:45:00+00:00,86.1,86.2,85.97,86.12,23211.971
2026-04-26T14:00:00+00:00,86.12,86.17,86.06,86.15,4245.702
2026-04-26T14:15:00+00:00,86.15,86.48,86.13,86.39,21151.462
2026-04-26T14:30:00+00:00,86.4,86.5,86.31,86.39,17395.892
2026-04-26T14:45:00+00:00,86.38,86.5,86.35,86.42,17203.99
2026-04-26T15:00:00+00:00,86.42,86.49,86.36,86.45,16049.107
2026-04-26T15:15:00+00:00,86.45,86.59,86.44,86.58,19563.611
2026-04-26T15:30:00+00:00,86.58,86.59,86.49,86.51,7490.481
2026-04-26T15:45:00+00:00,86.51,86.57,86.43,86.56,15110.732
2026-04-26T16:00:00+00:00,86.55,86.58,86.47,86.47,11540.311
2026-04-26T16:15:00+00:00,86.48,86.54,86.46,86.5,6204.51
2026-04-26T16:30:00+00:00,86.51,86.6,86.45,86.46,12614.537
2026-04-26T16:45:00+00:00,86.45,86.5,86.38,86.41,5980.347
2026-04-26T17:00:00+00:00,86.42,86.48,86.27,86.46,5950.125
2026-04-26T17:15:00+00:00,86.47,86.59,86.45,86.53,6915.055
2026-04-26T17:30:00+00:00,86.53,86.53,86.4,86.47,4599.025
2026-04-26T17:45:00+00:00,86.47,86.58,86.45,86.53,4923.552
2026-04-26T18:00:00+00:00,86.53,86.74,86.43,86.69,22920.769
2026-04-26T18:15:00+00:00,86.69,86.99,86.69,86.74,38350.882
2026-04-26T18:30:00+00:00,86.74,86.79,86.67,86.75,6670.011
2026-04-26T18:45:00+00:00,86.75,86.88,86.71,86.82,14449.265
2026-04-26T19:00:00+00:00,86.82,86.95,86.78,86.91,11977.087
2026-04-26T19:15:00+00:00,86.91,87.2,86.68,86.79,38913.344
2026-04-26T19:30:00+00:00,86.8,86.86,86.7,86.82,10388.973
2026-04-26T19:45:00+00:00,86.82,86.97,86.81,86.88,3650.165
2026-04-26T20:00:00+00:00,86.89,86.94,86.73,86.74,6453.767
2026-04-26T20:15:00+00:00,86.75,86.85,86.74,86.79,7335.221
2026-04-26T20:30:00+00:00,86.78,86.87,86.6,86.78,20716.804
2026-04-26T20:45:00+00:00,86.78,86.84,86.68,86.68,5317.286
2026-04-26T21:00:00+00:00,86.69,87.02,86.67,87.0,20403.129
2026-04-26T21:15:00+00:00,87.01,87.14,86.8,86.81,37396.142
2026-04-26T21:30:00+00:00,86.81,86.82,86.39,86.45,36233.315
2026-04-26T21:45:00+00:00,86.45,86.98,86.19,86.83,55804.517
2026-04-26T22:00:00+00:00,86.82,87.08,86.74,86.99,25079.439
2026-04-26T22:15:00+00:00,86.99,87.32,86.85,86.88,33625.449
2026-04-26T22:30:00+00:00,86.88,86.88,86.33,86.59,34411.64
2026-04-26T22:45:00+00:00,86.6,86.85,86.59,86.73,11975.676
2026-04-26T23:00:00+00:00,86.73,86.76,86.61,86.72,7588.338
2026-04-26T23:15:00+00:00,86.71,86.89,86.63,86.64,6984.662
2026-04-26T23:30:00+00:00,86.64,87.0,86.53,86.99,29359.172
2026-04-26T23:45:00+00:00,86.99,87.17,86.91,86.93,16051.273
2026-04-27T00:00:00+00:00,86.93,87.19,86.82,86.84,20734.516
2026-04-27T00:15:00+00:00,86.84,86.89,86.62,86.72,19009.902
2026-04-27T00:30:00+00:00,86.71,87.0,86.53,86.93,97061.252
2026-04-27T00:45:00+00:00,86.93,87.4,86.76,87.35,312723.028
2026-04-27T01:00:00+00:00,87.34,87.85,87.34,87.45,63005.946
2026-04-27T01:15:00+00:00,87.45,87.63,87.25,87.42,57290.803
2026-04-27T01:30:00+00:00,87.42,87.7,87.35,87.6,19907.748
2026-04-27T01:45:00+00:00,87.59,87.87,87.59,87.82,32915.985
2026-04-27T02:00:00+00:00,87.82,87.89,87.44,87.48,24296.91
2026-04-27T02:15:00+00:00,87.48,87.62,87.36,87.55,17122.467
2026-04-27T02:30:00+00:00,87.56,87.81,87.55,87.6,15614.344
2026-04-27T02:45:00+00:00,87.6,88.08,87.59,87.81,50852.651
2026-04-27T03:00:00+00:00,87.81,88.05,87.74,87.98,16949.187
2026-04-27T03:15:00+00:00,87.97,88.04,87.84,88.0,26651.786
2026-04-27T03:30:00+00:00,88.0,88.07,87.82,88.02,14101.972
2026-04-27T03:45:00+00:00,88.02,88.02,87.69,87.72,13569.401
2026-04-27T04:00:00+00:00,87.72,87.78,87.61,87.67,13031.995
2026-04-27T04:15:00+00:00,87.66,87.8,87.56,87.8,12436.602
2026-04-27T04:30:00+00:00,87.79,87.84,87.63,87.66,10988.863
2026-04-27T04:45:00+00:00,87.65,87.68,87.41,87.51,14087.951
2026-04-27T05:00:00+00:00,87.52,87.54,86.77,86.78,72568.987
2026-04-27T05:15:00+00:00,86.79,86.8,86.0,86.16,124540.601
2026-04-27T05:30:00+00:00,86.15,86.15,85.81,86.0,74972.709
2026-04-27T05:45:00+00:00,86.0,86.02,85.8,85.95,61973.142
2026-04-27T06:00:00+00:00,85.95,85.95,85.68,85.85,36397.77
2026-04-27T06:15:00+00:00,85.84,86.06,85.8,85.91,33405.12
2026-04-27T06:30:00+00:00,85.9,85.9,85.42,85.68,55497.717
2026-04-27T06:45:00+00:00,85.68,85.82,85.62,85.72,17788.253
2026-04-27T07:00:00+00:00,85.72,85.79,85.57,85.6,17286.881
2026-04-27T07:15:00+00:00,85.61,85.66,85.46,85.56,57472.22
2026-04-27T07:30:00+00:00,85.56,85.56,85.35,85.47,23939.086
2026-04-27T07:45:00+00:00,85.46,85.56,85.26,85.27,32791.305
2026-04-27T08:00:00+00:00,85.27,85.38,85.17,85.37,51791.389
2026-04-27T08:15:00+00:00,85.37,85.42,85.1,85.11,34956.557
2026-04-27T08:30:00+00:00,85.11,85.3,85.05,85.24,24850.364
2026-04-27T08:45:00+00:00,85.23,85.53,85.23,85.51,32493.042
2026-04-27T09:00:00+00:00,85.51,85.61,85.5,85.61,20885.736
2026-04-27T09:15:00+00:00,85.61,85.63,85.15,85.33,52808.146
2026-04-27T09:30:00+00:00,85.33,85.52,85.31,85.45,25981.484
2026-04-27T09:45:00+00:00,85.45,85.63,85.41,85.49,22161.873
2026-04-27T10:00:00+00:00,85.48,85.52,85.33,85.47,12360.587
2026-04-27T10:15:00+00:00,85.47,85.58,85.16,85.21,56168.581
2026-04-27T10:30:00+00:00,85.21,85.41,85.15,85.21,58362.354
2026-04-27T10:45:00+00:00,85.21,85.28,85.17,85.18,10234.115
2026-04-27T11:00:00+00:00,85.19,85.2,85.07,85.12,19628.215
2026-04-27T11:15:00+00:00,85.12,85.28,85.11,85.21,9816.678
2026-04-27T11:30:00+00:00,85.22,85.27,85.15,85.23,10796.749
2026-04-27T11:45:00+00:00,85.23,85.27,85.22,85.26,7363.843
2026-04-27T12:00:00+00:00,85.26,85.26,85.12,85.14,14728.688
2026-04-27T12:15:00+00:00,85.15,85.21,85.05,85.08,22392.09
2026-04-27T12:30:00+00:00,85.08,85.13,84.91,85.07,35811.708
2026-04-27T12:45:00+00:00,85.06,85.23,85.01,85.09,21892.033
2026-04-27T13:00:00+00:00,85.09,85.19,85.04,85.13,17853.106
2026-04-27T13:15:00+00:00,85.13,85.25,85.1,85.2,14043.659
2026-04-27T13:30:00+00:00,85.21,85.38,85.1,85.24,20915.395
2026-04-27T13:45:00+00:00,85.23,85.26,84.72,85.13,54692.706
2026-04-27T14:00:00+00:00,85.13,85.26,85.0,85.18,36600.638
2026-04-27T14:15:00+00:00,85.17,85.36,85.12,85.28,12072.013
2026-04-27T14:30:00+00:00,85.28,85.83,85.18,85.57,53921.413
2026-04-27T14:45:00+00:00,85.56,85.64,85.18,85.23,26337.399
2026-04-27T15:00:00+00:00,85.23,85.24,84.51,84.76,62829.617
2026-04-27T15:15:00+00:00,84.76,84.76,83.63,84.17,136953.056
2026-04-27T15:30:00+00:00,84.18,84.33,84.13,84.2,47569.355
2026-04-27T15:45:00+00:00,84.2,84.22,83.93,84.17,32887.435
2026-04-27T16:00:00+00:00,84.17,84.26,84.04,84.25,41250.78
2026-04-27T16:15:00+00:00,84.25,84.4,84.22,84.23,18906.838
2026-04-27T16:30:00+00:00,84.23,84.31,84.12,84.28,14644.486
2026-04-27T16:45:00+00:00,84.28,84.37,84.19,84.29,12571.22
2026-04-27T17:00:00+00:00,84.28,84.45,84.28,84.35,12690.544
2026-04-27T17:15:00+00:00,84.35,84.69,84.27,84.55,20453.078
2026-04-27T17:30:00+00:00,84.54,84.69,84.41,84.54,26607.317
2026-04-27T17:45:00+00:00,84.55,84.6,84.47,84.47,9896.116
2026-04-27T18:00:00+00:00,84.47,84.6,84.42,84.59,12996.073
2026-04-27T18:15:00+00:00,84.59,84.7,84.43,84.47,11967.411
2026-04-27T18:30:00+00:00,84.47,84.61,84.43,84.61,5358.049
2026-04-27T18:45:00+00:00,84.61,84.66,84.55,84.57,4731.083
2026-04-27T19:00:00+00:00,84.57,84.66,84.4,84.48,10520.949
2026-04-27T19:15:00+00:00,84.48,84.5,84.04,84.05,39655.774
2026-04-27T19:30:00+00:00,84.06,84.2,83.83,84.2,30903.108
2026-04-27T19:45:00+00:00,84.2,84.25,84.04,84.19,22147.486
2026-04-27T20:00:00+00:00,84.18,84.33,84.14,84.19,12827.068
2026-04-27T20:15:00+00:00,84.19,84.29,84.18,84.28,9245.801
2026-04-27T20:30:00+00:00,84.29,84.35,84.23,84.29,9557.084
2026-04-27T20:45:00+00:00,84.29,84.34,84.2,84.29,13968.653
2026-04-27T21:00:00+00:00,84.28,84.28,84.11,84.22,10220.893
2026-04-27T21:15:00+00:00,84.22,84.35,84.19,84.32,6934.55
2026-04-27T21:30:00+00:00,84.33,84.51,84.32,84.46,12898.361
2026-04-27T21:45:00+00:00,84.46,84.46,84.26,84.27,6922.846
2026-04-27T22:00:00+00:00,84.27,84.39,84.19,84.36,13485.49
2026-04-27T22:15:00+00:00,84.36,84.49,84.33,84.49,8927.807
2026-04-27T22:30:00+00:00,84.49,84.6,84.44,84.49,8340.685
2026-04-27T22:45:00+00:00,84.49,84.61,84.49,84.54,12429.248
2026-04-27T23:00:00+00:00,84.53,84.56,84.46,84.47,4507.775
2026-04-27T23:15:00+00:00,84.48,84.7,84.47,84.64,25450.185
2026-04-27T23:30:00+00:00,84.64,84.77,84.63,84.75,14568.914
2026-04-27T23:45:00+00:00,84.75,84.9,84.67,84.82,20368.895
2026-04-28T00:00:00+00:00,84.82,84.83,84.68,84.73,11308.998
2026-04-28T00:15:00+00:00,84.73,84.8,84.59,84.62,8198.221
2026-04-28T00:30:00+00:00,84.63,84.87,84.59,84.84,8482.145
2026-04-28T00:45:00+00:00,84.83,84.93,84.75,84.83,10472.752
2026-04-28T01:00:00+00:00,84.82,84.87,84.74,84.81,7121.267
2026-04-28T01:15:00+00:00,84.8,84.81,84.57,84.62,7870.9
2026-04-28T01:30:00+00:00,84.62,84.62,84.42,84.46,10777.309
2026-04-28T01:45:00+00:00,84.47,84.53,84.39,84.4,7586.708
2026-04-28T02:00:00+00:00,84.4,84.49,84.35,84.45,14563.267
2026-04-28T02:15:00+00:00,84.46,84.64,84.35,84.36,28440.281
2026-04-28T02:30:00+00:00,84.35,84.36,83.94,83.94,22248.819
2026-04-28T02:45:00+00:00,83.95,84.19,83.9,84.18,12680.947
2026-04-28T03:00:00+00:00,84.17,84.18,84.02,84.13,7611.123
2026-04-28T03:15:00+00:00,84.13,84.15,84.03,84.07,9991.087
2026-04-28T03:30:00+00:00,84.07,84.13,84.02,84.06,8629.117
2026-04-28T03:45:00+00:00,84.05,84.2,84.05,84.17,6094.256
2026-04-28T04:00:00+00:00,84.18,84.25,84.12,84.25,4713.16
2026-04-28T04:15:00+00:00,84.25,84.43,83.79,83.91,275678.099
2026-04-28T04:30:00+00:00,83.9,84.04,83.86,83.99,21407.267
2026-04-28T04:45:00+00:00,83.98,84.14,83.98,84.06,7627.676
2026-04-28T05:00:00+00:00,84.06,84.27,84.04,84.2,19220.606
2026-04-28T05:15:00+00:00,84.21,84.43,84.13,84.38,15303.783
2026-04-28T05:30:00+00:00,84.38,84.43,84.18,84.23,15559.009
2026-04-28T05:45:00+00:00,84.23,84.38,84.02,84.2,41839.862
2026-04-28T06:00:00+00:00,84.21,84.31,84.17,84.26,6381.293
2026-04-28T06:15:00+00:00,84.27,84.27,84.03,84.22,8367.447
2026-04-28T06:30:00+00:00,84.22,84.26,83.68,83.73,27317.464
2026-04-28T06:45:00+00:00,83.73,84.11,83.68,83.95,21991.875
2026-04-28T07:00:00+00:00,83.95,83.98,83.81,83.84,15638.655
2026-04-28T07:15:00+00:00,83.84,83.85,83.65,83.82,18766.698
2026-04-28T07:30:00+00:00,83.82,84.03,83.79,83.98,15567.618
2026-04-28T07:45:00+00:00,83.99,84.06,83.95,84.02,12968.509
2026-04-28T08:00:00+00:00,84.01,84.02,83.88,83.96,7061.631
2026-04-28T08:15:00+00:00,83.95,84.16,83.94,84.15,9902.196
2026-04-28T08:30:00+00:00,84.16,84.19,83.82,83.82,13002.992
2026-04-28T08:45:00+00:00,83.82,83.96,83.76,83.95,11902.435
2026-04-28T09:00:00+00:00,83.95,83.97,83.83,83.91,6175.321
2026-04-28T09:15:00+00:00,83.9,83.97,83.83,83.92,9774.342
2026-04-28T09:30:00+00:00,83.91,83.91,83.72,83.73,11113.256
2026-04-28T09:45:00+00:00,83.74,83.75,83.42,83.64,28007.721
2026-04-28T10:00:00+00:00,83.64,83.79,83.63,83.69,5730.919
2026-04-28T10:15:00+00:00,83.69,83.78,83.64,83.72,9690.61
2026-04-28T10:30:00+00:00,83.72,83.81,83.72,83.78,7056.932
2026-04-28T10:45:00+00:00,83.79,83.82,83.75,83.82,4925.648
2026-04-28T11:00:00+00:00,83.82,83.85,83.62,83.65,8163.064
2026-04-28T11:15:00+00:00,83.65,83.71,83.51,83.63,13707.952
2026-04-28T11:30:00+00:00,83.63,83.65,83.46,83.57,14458.973
2026-04-28T11:45:00+00:00,83.58,83.58,83.3,83.42,24961.265
2026-04-28T12:00:00+00:00,83.42,83.51,83.33,83.45,19031.663
2026-04-28T12:15:00+00:00,83.45,83.59,83.29,83.34,37789.243
2026-04-28T12:30:00+00:00,83.33,83.65,83.25,83.64,16321.793
2026-04-28T12:45:00+00:00,83.64,83.74,83.61,83.69,12806.487
2026-04-28T13:00:00+00:00,83.68,83.69,83.2,83.34,26120.382
2026-04-28T13:15:00+00:00,83.35,83.55,83.25,83.47,16669.892
2026-04-28T13:30:00+00:00,83.47,83.8,83.32,83.76,22846.874
2026-04-28T13:45:00+00:00,83.75,84.0,83.43,83.55,20620.239
2026-04-28T14:00:00+00:00,83.54,83.54,83.28,83.37,12149.093
2026-04-28T14:15:00+00:00,83.38,83.45,83.0,83.16,41526.854
2026-04-28T14:30:00+00:00,83.16,83.31,82.98,83.2,38885.167
2026-04-28T14:45:00+00:00,83.21,83.41,83.06,83.4,40939.018
2026-04-28T15:00:00+00:00,83.41,83.49,83.24,83.38,19326.09
2026-04-28T15:15:00+00:00,83.37,83.49,83.33,83.4,17548.057
2026-04-28T15:30:00+00:00,83.39,83.46,83.22,83.29,14828.393
2026-04-28T15:45:00+00:00,83.28,83.51,83.26,83.46,13675.412
2026-04-28T16:00:00+00:00,83.46,83.57,83.41,83.54,12020.67
2026-04-28T16:15:00+00:00,83.55,83.66,83.45,83.52,12660.397
2026-04-28T16:30:00+00:00,83.52,83.57,83.32,83.35,12394.619
2026-04-28T16:45:00+00:00,83.35,83.69,83.35,83.59,20643.014
2026-04-28T17:00:00+00:00,83.58,83.65,83.47,83.5,10782.92
2026-04-28T17:15:00+00:00,83.51,83.55,83.37,83.52,8467.661
2026-04-28T17:30:00+00:00,83.53,83.81,83.53,83.72,12459.097
2026-04-28T17:45:00+00:00,83.71,83.74,83.57,83.61,12496.702
2026-04-28T18:00:00+00:00,83.61,83.75,83.59,83.66,7075.147
2026-04-28T18:15:00+00:00,83.67,83.83,83.66,83.81,12854.02
2026-04-28T18:30:00+00:00,83.81,83.83,83.62,83.62,9281.787
2026-04-28T18:45:00+00:00,83.62,83.81,83.6,83.81,9767.905
2026-04-28T19:00:00+00:00,83.81,83.83,83.71,83.74,5164.632
2026-04-28T19:15:00+00:00,83.74,83.81,83.7,83.79,7016.34
2026-04-28T19:30:00+00:00,83.79,83.95,83.78,83.95,6432.494
2026-04-28T19:45:00+00:00,83.94,84.02,83.88,83.89,15803.304
2026-04-28T20:00:00+00:00,83.89,83.99,83.84,83.91,7744.881
2026-04-28T20:15:00+00:00,83.91,83.92,83.83,83.84,4921.35
2026-04-28T20:30:00+00:00,83.84,83.92,83.78,83.82,8908.68
2026-04-28T20:45:00+00:00,83.82,83.86,83.79,83.79,6365.069
2026-04-28T21:00:00+00:00,83.78,83.95,83.73,83.8,16308.609
2026-04-28T21:15:00+00:00,83.8,83.82,83.71,83.72,5516.238
2026-04-28T21:30:00+00:00,83.71,83.81,83.7,83.74,8030.476
2026-04-28T21:45:00+00:00,83.74,83.84,83.62,83.73,9377.127
2026-04-28T22:00:00+00:00,83.73,83.92,83.69,83.72,14541.268
2026-04-28T22:15:00+00:00,83.71,83.78,83.66,83.68,14241.723
2026-04-28T22:30:00+00:00,83.69,83.99,83.58,83.7,36180.786
2026-04-28T22:45:00+00:00,83.69,83.73,83.67,83.72,2728.618
2026-04-28T23:00:00+00:00,83.72,83.83,83.65,83.8,22964.178
2026-04-28T23:15:00+00:00,83.8,83.85,83.76,83.81,4465.555
2026-04-28T23:30:00+00:00,83.81,83.99,83.8,83.89,24778.158
2026-04-28T23:45:00+00:00,83.9,84.15,83.9,84.06,34854.886
2026-04-29T00:00:00+00:00,84.06,84.19,83.95,84.05,32913.052
2026-04-29T00:15:00+00:00,84.05,84.05,83.87,83.87,13217.076
2026-04-29T00:30:00+00:00,83.88,83.96,83.85,83.92,9678.102
2026-04-29T00:45:00+00:00,83.91,84.17,83.82,84.07,50809.339
2026-04-29T01:00:00+00:00,84.06,84.11,83.82,83.91,7790.729
2026-04-29T01:15:00+00:00,83.9,83.96,83.84,83.85,8015.028
2026-04-29T01:30:00+00:00,83.85,84.0,83.81,83.99,6092.822
2026-04-29T01:45:00+00:00,84.0,84.22,83.95,84.1,11766.719
2026-04-29T02:00:00+00:00,84.1,84.22,84.09,84.12,7106.222
2026-04-29T02:15:00+00:00,84.12,84.19,84.06,84.07,5710.068
2026-04-29T02:30:00+00:00,84.06,84.08,83.93,83.97,8708.703
2026-04-29T02:45:00+00:00,83.96,84.08,83.95,84.06,4572.636
2026-04-29T03:00:00+00:00,84.05,84.26,84.05,84.24,16137.901
2026-04-29T03:15:00+00:00,84.24,84.6,84.21,84.54,26187.981
2026-04-29T03:30:00+00:00,84.54,84.74,84.4,84.65,20331.881
2026-04-29T03:45:00+00:00,84.66,84.71,84.54,84.59,8650.177
2026-04-29T04:00:00+00:00,84.6,84.62,84.45,84.56,19602.701
2026-04-29T04:15:00+00:00,84.57,84.72,84.56,84.62,11037.096
2026-04-29T04:30:00+00:00,84.63,85.06,84.6,84.89,29113.414
2026-04-29T04:45:00+00:00,84.89,85.03,84.87,84.95,19807.277
2026-04-29T05:00:00+00:00,84.96,85.0,84.71,84.84,36001.065
2026-04-29T05:15:00+00:00,84.84,84.91,84.76,84.9,8738.837
2026-04-29T05:30:00+00:00,84.9,84.91,84.84,84.85,8095.187
2026-04-29T05:45:00+00:00,84.86,84.96,84.83,84.85,13916.579
2026-04-29T06:00:00+00:00,84.84,85.0,84.8,84.81,27878.525
2026-04-29T06:15:00+00:00,84.81,84.87,84.77,84.83,13722.666
2026-04-29T06:30:00+00:00,84.83,84.86,84.69,84.74,14150.886
2026-04-29T06:45:00+00:00,84.75,84.79,84.54,84.63,18552.581
2026-04-29T07:00:00+00:00,84.63,84.71,84.6,84.7,11475.583
2026-04-29T07:15:00+00:00,84.7,84.71,84.6,84.65,14662.379
2026-04-29T07:30:00+00:00,84.64,84.86,84.64,84.8,14362.016
2026-04-29T07:45:00+00:00,84.8,84.81,84.67,84.71,14974.793
2026-04-29T08:00:00+00:00,84.71,84.75,84.52,84.61,13926.305
2026-04-29T08:15:00+00:00,84.6,84.71,84.55,84.63,7465.674
2026-04-29T08:30:00+00:00,84.62,84.63,84.36,84.47,16930.61
2026-04-29T08:45:00+00:00,84.47,84.52,84.43,84.52,6203.285
2026-04-29T09:00:00+00:00,84.51,84.62,84.47,84.61,7611.812
2026-04-29T09:15:00+00:00,84.62,84.8,84.59,84.73,11530.79
2026-04-29T09:30:00+00:00,84.72,84.91,84.7,84.85,13141.371
2026-04-29T09:45:00+00:00,84.84,85.56,83.2,85.29,249602.974
2026-04-29T10:00:00+00:00,85.3,85.45,85.27,85.44,30330.072
2026-04-29T10:15:00+00:00,85.44,85.53,85.39,85.53,31122.384
2026-04-29T10:30:00+00:00,85.53,85.55,85.13,85.16,37655.247
2026-04-29T10:45:00+00:00,85.15,85.4,85.13,85.14,24566.268
2026-04-29T11:00:00+00:00,85.14,85.16,84.93,85.03,39700.105
2026-04-29T11:15:00+00:00,85.03,85.09,84.9,84.9,31540.276
2026-04-29T11:30:00+00:00,84.91,85.03,84.88,84.92,31574.353
2026-04-29T11:45:00+00:00,84.91,84.96,84.8,84.91,24216.166
2026-04-29T12:00:00+00:00,84.91,84.92,84.31,84.34,42374.142
2026-04-29T12:15:00+00:00,84.34,84.48,83.93,84.15,73048.148
2026-04-29T12:30:00+00:00,84.15,84.3,83.95,84.16,32589.904
2026-04-29T12:45:00+00:00,84.15,84.3,84.11,84.24,16575.482
2026-04-29T13:00:00+00:00,84.24,84.28,84.13,84.25,13010.164
2026-04-29T13:15:00+00:00,84.25,84.28,83.93,84.02,21667.116
2026-04-29T13:30:00+00:00,84.01,84.11,83.68,83.82,47159.462
2026-04-29T13:45:00+00:00,83.82,84.06,83.65,84.0,27295.575
2026-04-29T14:00:00+00:00,84.01,84.01,83.65,83.8,25379.348
2026-04-29T14:15:00+00:00,83.8,84.05,83.7,83.96,18130.41
2026-04-29T14:30:00+00:00,83.96,84.05,83.77,83.91,28325.169
2026-04-29T14:45:00+00:00,83.91,83.94,83.72,83.85,13346.891
2026-04-29T15:00:00+00:00,83.85,83.93,83.12,83.27,65867.071
2026-04-29T15:15:00+00:00,83.26,83.54,83.16,83.5,23958.217
2026-04-29T15:30:00+00:00,83.49,83.62,83.13,83.14,59016.043
2026-04-29T15:45:00+00:00,83.15,83.26,83.0,83.26,58752.798
2026-04-29T16:00:00+00:00,83.25,83.65,83.18,83.48,27917.106
2026-04-29T16:15:00+00:00,83.49,83.59,83.06,83.17,34882.284
2026-04-29T16:30:00+00:00,83.16,83.25,83.04,83.19,18997.137
2026-04-29T16:45:00+00:00,83.18,83.21,82.97,83.13,29142.127
2026-04-29T17:00:00+00:00,83.14,83.24,83.14,83.18,3200.459
